,hospital,COORDX,COORDY,population,slidemort,slidefrec,floodmort,floodfrec,earthfrec,earthmort,CONSULTANTES ASEGURADOS,CONSULTAS CAI,CONSULTORIO FUNCIONAL,CONSULTORIOS FISICOS,HORAS MEDICAS EFECTIVAS,MEDICOS,CAMAS HOSPITALARIAS,NACIMIENTOS,ATENCIONES DE EMERGENCIA I,ATENCIONES DE EMERGENCIA II,ATENCIONES DE EMERGENCIA III,ATENCIONES DE EMERGENCIA IV,ANALISIS LABORATORIO CE,EXAMENES DE LABORATORIO,EXAMENES RADIOLOGICOS CE,RECETAS DESPACHADAS CE
3,CM ACOMAYO,-71.5724083,-14.0345721,2283,8,0,8,8,0,4,60,0,0,0,40,0,0,0,0,0,4,24,256,256,0,386
4,CM ANCIJE,-77.0398249,-12.0590827,44263,0,0,10,7,6,10,855,0,1,1,1007,1,0,0,0,0,220,0,5960,7046,386,11062
5,CM APLAO,-72.4906034,-16.0724714,50,0,0,6,7,1,3,165,0,0,0,118,0,0,0,0,4,42,0,1089,1500,84,858
6,CM ASCOPE,-79.1143365,-7.7177186,46,0,0,8,4,0,6,214,0,0,0,187,0,1,0,0,66,154,33,939,1850,72,2373
7,CM AYAVIRI,-70.5944521,-14.8798926,2041,0,0,8,10,1,3,414,0,0,0,283,0,0,0,0,1,27,8,2020,2020,0,2518
8,CM CAJABAMBA,-78.050156,-7.6223938,651,0,0,9,7,0,7,328,0,0,0,150,0,0,0,0,3,7,1,1851,2098,21,1402
9,CM CALCA,-75.1992944,-12.0861015,5464,10,0,10,7,1,10,312,0,0,0,241,0,0,0,0,8,46,1,1702,1896,128,1786
10,CM CARAZ,-77.8103481,-9.0477236,5068,0,0,9,4,0,7,506,0,0,0,277,0,0,0,0,2,172,4,430,1570,117,2329
11,CM CARHUAZ,-77.6475068,-9.2824547,4077,0,0,9,4,0,7,321,0,0,0,184,0,0,0,0,16,87,20,314,691,0,1707
12,CM CASAPALCA,-76.2350748,-11.6486161,9,8,7,8,8,1,5,370,0,0,0,179,0,0,0,0,19,80,0,0,0,48,1249
13,CM CASMA,-78.310071,-9.4729169,535,0,0,6,4,1,4,431,0,0,0,317,0,0,0,0,71,550,0,2413,2541,159,3397
14,CM CAYALTI,-79.5659633,-6.886811,5750,0,0,8,4,1,6,466,0,0,0,321,0,0,0,0,46,306,0,1036,1884,121,5466
15,CM CELENDIN,-78.14889,-6.86815,9677,0,0,8,7,0,5,435,0,0,0,234,0,0,1,0,0,8,14,1474,1646,51,2325
17,CM CHOTA,-78.6648243,-6.5595955,216,0,6,10,7,0,7,290,0,0,0,196,0,0,0,0,6,189,9,1614,2373,161,2193
18,CM COISHCO,-78.6145039,-9.0201783,1364,0,0,10,4,10,9,681,0,0,0,454,0,0,0,0,21,1041,375,506,624,227,5552
19,CM CONCEPCION,-75.318405,-11.9224036,1172,0,0,10,10,0,9,295,0,0,0,180,0,0,0,0,0,16,0,857,1030,0,1517
20,CM CUTERVO,-78.821275,-6.3760453,5968,0,0,9,7,1,7,306,0,0,0,195,0,0,0,0,5,50,2,756,952,99,2282
21,CM EL ALTO,-68.2146857,-16.5000936,6003,0,0,10,10,0,8,166,0,0,0,98,0,0,0,0,1,16,0,0,0,0,894
22,CM ESPECIALIZADO CASA GRANDE,-79.1901505,-7.7473403,3259,0,0,9,4,0,7,1106,0,0,0,567,1,0,0,8,21,969,810,3845,4845,177,6296
23,CM HUANCHACO,-79.1212106,-8.0829664,6762,0,0,8,4,0,6,337,0,0,0,183,0,0,0,0,0,0,0,0,0,0,1404
24,CM HUARI,-77.1676413,-9.3419045,625,7,7,7,4,0,4,290,0,0,0,171,0,0,0,0,8,136,39,11,12,0,1792
25,CM HUARMEY,-78.1519003,-10.063189,290,0,0,3,1,8,3,350,0,0,0,269,0,0,0,0,44,411,0,1386,1448,115,2681
26,CM JUAN AITA VALLE,-79.8682381,-6.9111608,150,0,0,10,4,1,9,424,0,0,0,300,0,0,0,0,4,25,13,1007,1116,32,2597
27,CM LEONCIO AMAYA TUME,-80.7413826,-5.4026376,625,0,0,9,4,7,7,414,0,0,0,210,0,0,0,0,15,61,0,1247,2137,187,1709
28,CM LEONCIO PRADO,-75.9995756,-9.2971053,2730,10,6,10,8,8,6,348,0,0,0,331,0,0,0,0,0,0,0,1712,1798,141,3456
29,CM LIRCAY,-74.7212932,-12.9900305,5104,7,7,8,10,1,4,904,0,0,0,440,0,0,10,1,7,18,33,977,1758,0,6146
31,CM MALA,-76.6302425,-12.6615626,3768,0,0,9,8,8,8,711,0,0,0,333,0,0,0,0,19,1044,0,1072,1119,130,4201
32,CM METROPOLITANO,-71.9619581,-13.5254125,20463,0,0,10,10,0,10,3451,2126,1,0,1888,2,0,0,0,0,0,0,0,0,0,17645
33,CM PAMPAS,-74.8684366,-12.3969087,4109,10,7,10,10,0,6,327,0,0,0,183,0,0,0,0,7,31,0,502,821,20,1935
34,CM PAUCARTAMBO,-75.737149,-10.7599544,1,7,0,8,9,1,3,93,0,0,0,70,0,0,0,0,0,1,0,0,0,19,697
35,CM SAN JUAN,-75.389241,-12.2014344,253,0,6,4,7,1,1,641,0,0,0,493,0,0,0,0,2,168,5,4862,5451,299,4699
36,CM SIHUAS,-77.6292697,-8.5547681,35,0,6,8,7,1,5,178,0,0,0,119,0,0,1,0,0,286,0,590,603,9,1102
37,CM TAMBO GRANDE,-80.3411126,-4.9263073,7734,0,0,9,8,1,5,597,0,0,0,254,0,0,0,0,0,16,22,107,107,78,2839
38,CM URCOS,-71.6236023,-13.6845018,1170,0,0,9,10,0,6,247,0,0,0,138,0,0,0,0,0,3,10,888,999,5,1195
39,CAPI ANTABAMBA,-73.015591,-14.2238659,3,0,0,5,7,1,1,62,0,0,0,67,0,0,0,0,1,16,1,0,0,0,324
40,CAPI ASILLO,-70.353478,-14.7861572,29,0,0,9,10,0,4,109,0,0,0,70,0,0,0,0,0,0,0,0,0,0,516
41,CAPI CAMPO VERDE,-74.8066036,-8.4740956,1955,0,0,5,7,1,0,140,0,0,0,118,0,0,0,0,0,50,0,0,0,0,882
42,CAPI CASCAS,-78.8221874,-7.47996,2308,0,0,8,7,0,5,83,0,0,0,59,0,0,0,0,0,0,0,0,0,0,561
43,CAPI CHAVALINA,-75.6709499,-13.9333816,86,0,0,7,7,0,5,102,0,0,0,61,0,0,0,0,0,0,0,0,0,0,547
44,CAPI CHICAMA,-79.4338188,-7.7001724,3137,0,0,4,4,0,2,259,0,0,0,168,0,0,0,0,0,0,0,0,0,0,1522
45,CAPI CHIVAY,-71.5975678,-15.643773,63,0,0,7,8,9,3,112,0,0,0,76,0,0,0,0,0,1,0,0,0,0,1460
46,CAPI CHURCAMPA,-74.3871012,-12.7396025,2743,0,0,9,10,7,5,107,0,0,0,104,0,0,0,0,2,2,7,282,521,0,566
47,CAPI CORACORA,-73.7801447,-15.0163124,1557,5,6,6,7,7,2,214,0,0,0,96,0,0,0,0,3,21,12,0,0,0,1190
48,CAPI DESAGUADERO,-69.040395,-16.5631251,1623,0,0,6,9,0,0,142,0,0,0,98,0,0,0,0,0,8,0,499,527,0,727
49,CAPI ECHARATE,-72.6003701,-12.775327,73,0,0,5,10,0,1,77,0,0,0,43,0,0,0,0,0,1,2,0,0,0,351
50,CAPI EL PEDREGAL,-72.0148928,-16.0162517,5,0,0,7,7,1,3,440,0,0,0,272,0,0,0,0,0,52,0,0,0,0,3228
51,CAPI HUALGAYOC,-78.522826,-6.6816357,14846,10,0,9,7,0,7,168,0,0,0,100,0,0,0,0,0,2,0,294,294,18,585
52,CAPI HUANCASANCOS,-74.3360203,-13.9220184,1546,0,0,0,0,0,0,82,0,0,0,63,0,0,0,0,0,0,0,0,0,0,1182
53,CAPI HUAYTARA,-75.3532422,-13.6040212,161,5,8,5,7,1,2,117,0,0,0,115,0,0,0,0,2,4,0,823,823,0,795
54,CAPI ILABAYA,-70.5127345,-17.4204023,16,0,0,4,1,7,2,67,0,0,0,41,0,0,0,0,0,0,0,0,0,0,132
55,CAPI IMAZA,-78.3386286,-5.058393,4,0,0,4,4,6,1,74,0,0,0,47,0,0,0,0,1,3,11,0,0,0,306
56,CAPI ITE,-71.0711416,-17.8833292,0,0,0,0,0,0,0,91,0,0,0,66,0,0,0,0,0,0,0,0,0,0,167
57,CAPI LAMUD,-77.9498327,-6.1386167,495,0,0,7,4,1,4,50,0,0,0,38,0,0,0,0,0,0,7,0,0,0,403
58,CAPI LONYA GRANDE,-78.4222665,-6.0971422,904,8,0,8,7,0,5,50,0,0,0,46,0,0,0,0,1,2,0,0,0,0,488
59,CAPI MALABRIGO,-79.4380417,-7.7036782,3137,0,0,4,4,0,2,118,0,0,0,82,0,0,0,0,0,0,0,0,0,0,637
60,CAPI MANANTAY,-74.5629775,-8.399357,2115,0,0,7,7,1,0,429,0,0,0,260,0,0,0,0,0,7,0,1076,1076,0,2790
61,CAPI NUEVA CAJAMARCA,-77.303723,-5.946466,8968,0,0,8,4,10,5,288,0,0,0,218,0,0,0,0,0,1,0,0,0,0,1648
62,CAPI OCALLI,-78.2362225,-6.2221076,1,7,0,7,7,0,3,24,0,0,0,38,0,0,0,0,0,2,1,0,0,0,266
63,CAPI PALPA,-75.1875621,-14.5345803,1186,0,0,8,4,8,6,159,0,0,0,91,0,0,0,0,4,40,13,138,138,0,1268
64,CAPI PEDRO RUIZ GALLO,-77.9820311,-5.9449047,1241,0,0,8,4,6,5,95,0,0,0,76,0,0,0,0,1,2,4,0,0,0,1047
65,CAPI PICHANAQUI,-74.8745545,-10.9265815,1974,0,0,8,10,10,3,128,0,0,0,78,0,0,0,0,0,1,72,0,0,0,723
66,CAPI SALAVERRY,-78.9769632,-8.2212144,2116,0,0,9,4,0,7,233,0,0,0,154,0,0,0,0,0,0,0,0,0,0,1325
67,CAPI SAN ANTONIO DEL ESTRECHO,-72.6698113,-2.4516589,772,0,0,1,8,0,0,38,0,0,0,99,0,0,0,0,0,0,0,126,126,0,437
68,CAPI SAN PEDRO DE LLOC,-79.5033042,-7.4250154,12306,0,0,10,4,0,9,194,0,0,0,201,0,0,0,0,0,0,0,0,0,0,1097
69,CAPI TAMBO DE MORA,-76.1870681,-13.4733198,0,0,0,10,7,9,0,247,0,0,0,139,0,0,0,0,0,18,0,0,0,0,1164
70,CAPI TARATA,-70.032524,-17.4743947,479,0,0,3,1,8,1,94,0,0,0,76,0,0,0,0,0,0,0,0,0,0,208
71,CAPI UCHIZA,-76.4656075,-8.4604773,10619,0,0,8,7,6,4,191,0,0,0,139,0,0,0,0,0,0,0,457,535,0,1305
72,CAPI VILLA TUPAC AMARU,-76.1521149,-13.7138414,4984,0,0,10,7,9,10,192,0,0,0,134,0,0,0,0,0,0,0,0,0,0,1116
73,CAPII ACORA,-69.8004455,-15.9706654,182,0,0,9,9,0,0,173,0,0,0,99,0,0,0,0,0,0,0,502,535,0,853
74,CAPII CABALLOCOCHA,-70.5160813,-3.9107889,1343,0,0,0,0,0,0,174,0,0,0,145,0,0,0,0,1,213,0,831,1315,12,1987
75,CAPII CABANILLAS,-70.34938,-15.6426004,339,0,0,8,10,0,2,214,0,0,0,119,0,0,0,0,0,6,0,1574,1574,0,823
76,CAPII CHALHUANCA,-73.2423004,-14.2951956,531,6,6,7,7,1,3,118,0,0,0,95,0,0,0,0,1,24,0,519,519,0,759
77,CAPII CHANCAY,-77.2701214,-11.5622737,8886,0,0,0,8,6,0,1070,0,0,0,976,1,0,0,0,6,821,181,5963,6791,0,11169
78,CAPII CHILCA,-75.1992944,-12.0861015,5464,10,0,10,7,1,10,1112,116,0,0,495,0,0,0,0,0,0,0,3799,3851,0,4152
79,CAPII CHINCHEROS,-72.0514291,-13.3964033,132,0,0,10,10,0,6,115,0,0,0,101,0,0,0,0,3,42,10,776,776,0,1023
80,CAPII CHONGOYAPE,-79.3950257,-6.6374574,1117,0,0,7,4,0,5,303,0,0,0,226,0,0,0,0,1,58,10,552,552,0,1783
81,CAPII CHULUCANAS,-80.1582241,-5.1005997,1604,0,0,9,4,0,7,442,0,0,0,382,0,0,0,0,9,11,236,1204,2785,198,2750
82,CAPII CHUPACA,-75.2890238,-12.0619283,9434,0,0,10,7,1,9,569,0,0,0,365,0,0,0,0,0,0,0,2626,2626,228,3824
83,CAPII COTABAMBAS,-72.1751863,-13.9463306,934,6,6,8,10,1,3,102,0,0,0,112,0,0,0,0,4,4,8,306,306,0,681
84,CAPII GUADALUPE,-79.4760133,-7.2452522,1625,0,0,9,4,0,7,185,0,0,0,109,0,0,0,0,0,0,0,0,0,0,1012
85,CAPII HUAMACHUCO,-78.0397732,-7.8183467,3107,0,0,9,7,0,6,532,0,0,0,286,0,0,0,0,0,0,0,0,0,0,2633
86,CAPII HUANTA,-74.2404104,-12.9388367,936,8,0,9,10,7,5,331,0,0,0,165,0,0,0,0,0,0,0,390,549,0,2762
87,CAPII HUAYLLAY,-76.3651756,-10.9996208,361,5,0,6,7,1,2,261,0,0,0,189,0,0,0,0,2,184,0,2035,2628,0,1652
88,CAPII HUNTER,-71.5548355,-16.4454784,2984,0,0,10,4,1,10,575,0,0,0,203,0,0,0,0,0,25,0,0,0,0,7223
89,CAPII HUYRO,-72.5554068,-13.0074028,785,0,0,8,10,0,3,55,0,0,0,33,0,0,0,0,0,9,0,0,0,0,299
90,CAPII JAYANCA,-79.8202852,-6.3922952,862,0,0,6,4,0,4,235,0,0,0,113,0,0,0,0,5,5,20,403,505,0,1193
91,CAPII JUNIN,-75.2047755,-12.0619622,24816,10,0,10,7,1,10,171,0,0,0,99,0,0,0,0,2,61,0,582,643,0,826
93,CAPII LAREDO,-78.9627624,-8.0819939,190,0,0,10,4,0,10,582,0,0,0,339,0,0,0,0,0,0,0,1597,2072,0,3817
94,CAPII LUIS PALZA LEVANO,-70.2529717,-18.0396924,2129,0,0,7,1,8,5,1009,0,0,0,616,0,0,0,0,0,0,0,18785,20905,150,5470
95,CAPII LURIN,-76.884032,-12.2526278,1320,0,0,10,8,9,10,1031,0,0,0,465,0,0,0,0,0,0,225,0,0,228,2465
96,CAPII MOROCOCHA,-76.1404714,-11.598508,23,0,6,8,8,1,5,159,0,0,0,75,0,0,0,0,1,63,0,276,548,3,658
97,CAPII MOTUPE,-79.7147468,-6.1512014,1630,0,0,8,4,0,5,250,0,0,0,111,0,0,0,1,1,0,10,0,0,0,975
98,CAPII NASCA,-74.9391295,-14.8351904,5119,0,0,7,4,1,4,726,0,0,0,449,0,0,0,0,51,376,0,1682,2068,94,5545
99,CAPII NAUTA,-73.5847943,-4.5064004,1178,0,0,0,0,0,0,209,0,0,0,149,0,0,0,0,2,141,0,951,1085,62,1633
100,CAPII OSCAR FERNANDEZ DAVILA VELEZ,-70.2442628,-18.0027194,14757,0,0,10,1,0,10,792,0,0,0,512,0,0,0,0,0,0,0,0,0,0,6420
101,CAPII OTUZCO,-78.5670333,-7.9131333,57,0,7,8,7,1,6,223,0,0,0,137,0,0,0,0,0,0,0,1373,2430,0,1212
102,CAPII PARAMONGA,-77.8161354,-10.6742959,2918,0,0,9,7,1,7,443,0,0,0,356,0,0,0,0,7,288,0,2082,2119,0,5859
103,CAPII PATAPO,-79.6305599,-6.7376852,2430,0,0,9,4,1,8,416,0,0,0,188,0,0,0,0,0,36,10,1390,1791,0,2263
104,CAPII POMABAMBA,-77.4569804,-8.8228089,37,9,6,8,7,0,5,172,0,0,0,128,0,0,0,0,25,104,5,436,517,0,1460
105,CAPII PUEBLO NUEVO,-76.1352742,-13.3954662,2780,0,0,9,7,9,9,696,0,0,0,419,0,0,0,0,0,6,0,858,858,0,3984
106,CAPII PUQUIO,-74.1192221,-14.6910554,1911,6,6,6,4,1,3,275,0,0,0,133,0,0,0,0,11,108,0,329,425,69,1376
108,CAPII RODRIGUEZ DE MENDOZA,-77.4855682,-6.3941102,1107,8,0,8,4,10,4,132,0,0,0,117,0,0,0,0,1,3,51,405,405,0,1608
109,CAPII SAN IGNACIO,-79.0056496,-5.1454968,7080,0,0,9,7,0,6,171,0,0,0,109,0,0,0,0,1,16,1,461,667,0,972
110,CAPII SAN JACINTO,-78.3641536,-9.1733854,86,0,0,7,4,1,5,357,0,0,0,229,0,0,0,0,26,115,26,959,1154,0,2607
111,CAPII SAN JUAN BAUTISTA,-73.2863701,-3.7746925,11440,0,0,9,9,0,0,1055,232,0,0,571,1,0,0,0,0,0,0,0,0,0,8205
112,CAPII SANTA MARGARITA,-75.7144801,-14.1941139,6,0,0,6,4,10,4,891,0,0,0,498,0,0,0,0,7,136,0,1469,1469,220,4713
113,CAPII SANTA MARIA DE NIEVA,-77.8610254,-4.6010065,2,0,0,0,0,0,0,148,0,0,0,90,0,0,0,0,2,18,0,0,0,0,1227
114,CAPII SAYAN,-77.2000542,-11.1348902,56,0,0,7,8,0,4,637,0,0,0,498,0,0,0,0,0,537,0,2104,2211,44,3229
115,CAPII TAYABAMBA,-77.3008506,-8.2769363,30,8,7,8,7,1,4,232,0,0,0,107,0,0,0,0,0,0,0,218,226,0,1168
116,CAPII TORATA,-70.8432115,-17.0759571,348,0,0,0,0,0,0,242,0,0,0,93,0,0,0,0,0,0,0,0,0,0,475
117,CAPII VILLA RICA,-75.2741089,-10.7394842,2155,0,0,8,9,8,3,281,0,0,0,184,0,0,0,0,20,79,0,585,1448,28,1262
118,CAPII YANAHUANCA,-76.5160357,-10.4912286,43,7,8,7,7,0,4,260,0,0,0,176,0,0,0,0,3,76,18,1509,1593,0,1429
119,CAPIII ALFREDO PIAZZA ROBERTS,-77.0277411,-12.0866391,14306,0,0,10,7,6,10,871,0,1,0,709,0,0,0,0,11,902,35,7474,7579,287,5998
120,CAPIII ALTO SELVA ALEGRE,-71.5266452,-16.3815149,12318,0,0,10,4,1,10,1093,0,0,0,679,0,0,0,0,0,0,0,4101,4101,465,8851
121,CAPIII BELLAVISTA,-76.5933967,-7.0589221,277,0,0,9,7,1,5,1522,0,1,0,1317,1,0,0,0,0,0,0,7722,7722,807,12149
122,CAPIII CARABAYLLO,-77.0384084,-11.8968398,11501,0,0,10,8,6,10,1806,0,1,0,1044,1,0,0,0,0,0,0,10793,12387,972,10055
123,CAPIII CARLOS CASTANEDA IPARRAGUIRRE,-79.8315993,-6.7732204,15905,0,0,10,4,1,10,1080,0,0,0,658,0,0,0,0,65,1275,0,4009,5830,153,7548
124,CAPIII CASTILLA,-80.4993857,-5.1141844,9,0,0,9,4,0,7,2148,0,0,0,731,0,0,0,0,0,8,0,8323,8323,281,4901
125,CAPIII CATACAOS,-80.6743053,-5.2688451,3844,0,0,7,4,7,4,1094,0,0,0,500,0,0,0,0,0,0,0,4125,4125,166,3727
126,CAPIII EL AGUSTINO,-76.9981953,-12.0451741,6104,0,0,10,8,9,10,1324,0,1,0,1233,1,0,0,0,0,0,0,18348,18348,571,14327
127,CAPIII GAMARRA,-77.0174481,-12.0715611,22048,0,0,10,7,6,10,2133,0,3,1,2131,3,0,0,0,3,4,472,8988,8995,473,20597
128,CAPIII HNA MARIA DONROSE SUTMOLLER,-77.1243942,-11.8865243,6293,0,0,10,8,6,0,3012,753,1,1,1835,2,0,1,21,297,5292,27,10436,13643,1092,19886
129,CAPIII HUARAL,-77.200005,-11.4957343,22517,0,0,10,8,0,8,1509,0,0,0,1122,0,0,1,6,148,1816,376,6788,9357,535,12515
130,CAPIII HUAYCAN,-76.8299031,-12.009876,119,0,0,10,8,1,10,2163,28,0,0,1094,1,0,0,0,8,863,0,7785,10267,537,11230
131,CAPIII INDEPENDENCIA,-77.0618015,-11.9926833,5110,0,0,10,8,6,10,2301,112,1,0,1422,1,0,0,0,14,811,2,10644,11240,1065,13625
132,CAPIII IQUITOS,-73.2472702,-3.7314761,31013,0,0,9,9,0,0,1694,781,1,0,838,1,0,0,0,0,0,0,0,0,0,12722
133,CAPIII LUIS NEGREIROS,-77.0980445,-12.0156194,16402,0,0,10,7,6,10,5025,0,2,0,2573,2,0,0,0,0,0,0,0,0,0,24258
134,CAPIII MANTARO,-75.2047755,-12.0619622,24816,10,0,10,7,1,10,1550,345,1,0,869,0,0,0,0,0,0,0,5710,6200,244,7537
135,CAPIII MANUEL MANRIQUE NEVADO,-79.8366956,-6.7597307,51475,0,0,10,4,1,10,1708,103,1,0,1091,1,0,0,0,224,838,337,7719,10824,456,13251
136,CAPIII MELITON SALAS TEJADA,-71.5303506,-16.4390253,3366,0,0,10,4,1,10,2304,290,1,0,1400,1,0,0,0,0,1031,0,1897,2399,702,21296
138,CAPIII METROPOLITANO DE HUANUCO,-76.2445382,-9.9336317,12628,0,8,10,8,0,9,1304,0,0,0,886,0,0,0,0,0,0,0,7302,7818,271,6748
139,CAPIII METROPOLITANO DE PIURA,-80.626865,-5.1957226,26522,0,0,9,4,7,9,1211,0,0,0,829,0,0,0,0,30,38,72,0,0,0,8080
141,CAPIII METROPOLITANO DE TACNA,-70.2509805,-18.0135031,21519,0,0,10,1,0,9,1213,0,0,0,738,0,0,0,0,0,0,0,26723,31087,230,6850
142,CAPIII METROPOLITANO DE TRUJILLO,-79.0198248,-8.1273969,2781,0,0,10,4,0,10,2036,0,0,0,1064,1,0,0,0,0,0,0,24729,28680,0,9588
143,CAPIII METROPOLITANO DEL CALLAO,-77.1177282,-12.0670123,24799,0,0,10,7,6,10,1032,0,0,0,841,1,0,0,0,0,0,0,8875,9111,380,6764
144,CAPIII METROPOLITANO,-77.1247279,-12.0710766,24799,0,0,0,7,6,0,1588,0,0,0,784,0,0,0,0,0,0,0,7505,9029,116,8683
145,CAPIII PAUCARPATA,-71.4872878,-16.4099496,3366,0,0,10,4,0,10,389,0,0,0,281,0,0,0,0,0,0,0,0,0,0,3474
146,CAPIII PEDRO REYES BARBOZA,-77.7661265,-10.7425284,12182,0,0,10,7,1,9,1284,0,0,0,789,1,0,1,8,153,1107,52,5072,5884,254,11346
147,CAPIII PUENTE PIEDRA,-77.0801015,-11.8628636,11317,0,0,10,8,6,10,2240,0,0,0,1226,0,0,0,0,0,0,0,9436,11902,580,10682
148,CAPIII PUNCHANA,-73.2472702,-3.7314761,31013,0,0,9,9,0,0,803,371,0,0,439,1,0,0,0,0,0,0,0,0,0,4075
151,CAPIII SAN ISIDRO,-77.0535231,-12.1084864,7749,0,0,10,7,6,10,1020,0,0,0,743,1,0,0,0,0,0,0,1513,1513,320,7650
152,CAPIII SAN JUAN DE MIRAFLORES,-76.9696657,-12.1644871,16320,0,0,10,8,9,10,3090,0,2,0,2027,2,0,0,0,0,0,0,2685,2685,1240,18737
153,CAPIII SURQUILLO,-77.0206474,-12.1044303,19781,0,0,10,7,6,10,2054,0,1,0,1348,2,0,0,0,0,0,0,0,0,1037,14358
154,CAPIII ZARATE,-76.994518,-12.0234967,15331,0,0,10,8,9,10,2322,0,2,1,2370,3,0,0,0,0,0,534,10575,10580,747,20274
155,HI AGUSTIN ARBULU NEYRA,-79.7932957,-6.6393958,7446,0,0,10,4,1,9,1041,0,1,0,1037,1,0,3,0,284,514,153,6852,7721,675,9459
156,HI ALBRECHT,-79.0346491,-8.1115197,17543,0,0,10,4,0,10,4782,0,3,1,2574,5,2,26,23,182,6640,854,24950,30178,539,25793
157,HI ALTO MAYO,-76.9952672,-6.0109193,359,0,0,7,7,10,3,1861,0,1,0,1053,2,1,37,23,281,1176,778,9446,14489,470,9357
158,HI ANDAHUAYLAS,-73.3767641,-13.6616515,1901,0,6,9,10,1,5,1117,612,0,0,926,1,1,24,6,96,677,23,3945,6187,270,7891
159,HI ANTONIO SKRABONJA ANTONCICH,-76.196945,-13.7179733,802,0,0,10,7,9,10,1594,643,0,0,1038,3,4,67,30,1161,4997,600,7338,12397,547,8374
160,HI AURELIO DIAZ UFANO Y PERAL,-76.9955667,-11.9684779,15326,0,0,10,8,1,10,4991,2931,3,1,3784,6,4,187,85,1398,8005,359,28334,44215,2646,38266
161,HI CARLOS ALBERTO CORTEZ JIMENEZ,-80.477633,-3.6095382,947,0,0,10,9,1,7,2088,967,2,0,2045,2,2,59,1,100,2406,1957,11599,22213,1022,19007
162,HI CARLOS ALCANTARA BUTERFIELD,-76.945527,-12.0618229,7664,0,0,10,8,9,10,3367,1641,3,1,3269,7,4,72,74,1055,4135,913,31044,43042,1298,46562
163,HI CHEPEN,-79.4361049,-7.2258918,591,0,0,9,4,0,8,912,0,0,0,795,1,1,4,0,112,1692,0,8050,10065,387,7709
164,HI CONO SUR,-78.5236678,-9.1245719,2266,0,0,9,4,10,8,1766,970,1,0,1278,1,0,10,3,507,2514,681,2534,3333,660,11003
165,HI EDMUNDO ESCOMEL,-71.5087324,-16.4170798,3366,0,0,10,4,1,10,4123,927,3,1,3216,6,4,138,10,791,7109,19,31241,39391,1583,43823
166,HI ESPINAR,-71.4128571,-14.792369,3322,0,0,8,8,0,4,475,0,0,0,257,0,0,8,0,45,259,42,1564,1840,91,2254
167,HI FELIX TORREALVA GUTIERREZ,-75.7267897,-14.0716072,10724,0,0,10,4,10,10,4392,2258,3,1,2769,6,5,60,59,916,7196,3937,17172,39134,1021,27224
168,HI FLORENCIA DE MORA,-79.0243061,-8.079777,15204,0,0,10,4,0,10,2457,0,1,1,1835,3,1,42,3,139,732,17,13231,15531,388,14553
169,HI HEROES DEL CENEPA,-78.5335937,-5.6333019,658,0,0,9,4,6,7,398,0,0,0,436,0,1,13,1,61,440,28,3344,4451,178,4263
170,HI HIGOS URCO,-77.8728949,-6.2299539,8638,0,0,9,4,1,7,1181,0,1,0,891,1,1,24,3,61,618,207,6232,8201,321,11435
171,HI HUARIACA,-76.1824051,-10.4486849,124,9,6,8,7,1,5,294,0,0,0,290,0,0,3,1,52,184,59,2350,3980,122,2873
172,HI JORGE VOTO BERNALES CORPANCHO,-76.9473808,-12.0472733,8831,0,0,10,8,9,10,3306,560,2,1,2651,5,3,292,28,527,4125,3,17325,27601,1353,21578
173,HI JUANJUI,-76.7283924,-7.1765382,4257,0,0,9,7,1,6,412,0,0,0,315,0,0,3,0,37,692,8,3326,3701,138,2806
174,HI LA ESPERANZA,-79.0552746,-8.0756203,4975,0,0,10,4,0,10,2515,0,1,0,1501,1,0,9,0,134,1320,274,11566,15450,562,14214
175,HI LAMPA,-70.3692863,-15.3611026,26,0,0,8,10,1,3,184,0,0,0,106,0,0,0,0,4,23,9,1215,1458,7,1056
176,HI MARINO MOLINA SCIPPA,-77.0578322,-11.9435828,10220,0,0,10,8,6,10,6702,797,4,1,4476,7,8,265,161,6570,17317,885,33495,60473,1178,45671
177,HI MOCHE,-79.0126097,-8.167579,891,0,0,10,4,0,10,1536,0,0,0,1065,1,0,1,0,76,899,48,7520,11696,284,10009
178,HI NAYLAMP,-79.8425388,-6.7762306,12647,0,0,10,4,1,10,3771,0,3,1,2939,3,2,58,15,660,4983,708,19296,24615,818,30750
180,HI OXAPAMPA,-75.398953,-10.574161,428,0,0,8,9,8,4,729,0,0,0,419,0,1,8,3,239,479,0,3987,4679,198,3235
181,HI PACASMAYO,-79.5639934,-7.4056684,2783,0,0,10,4,0,9,622,0,0,0,386,1,1,2,4,62,871,171,4925,14230,115,4058
182,HI QUILLABAMBA,-72.6972909,-12.8576901,1267,0,0,10,10,0,5,882,0,0,0,446,0,0,4,0,5,519,20,4308,5156,122,3621
184,HI RIOJA,-77.1717963,-6.0670575,6096,0,0,9,4,10,6,435,0,0,0,258,0,0,3,0,54,739,86,2236,3925,101,2644
185,HI SULLANA,-80.6922204,-4.9062215,8577,0,0,10,8,8,10,2192,295,1,0,1229,1,1,44,2,1184,2415,60,4148,10608,383,10966
186,HI TARMA,-75.6874886,-11.3971756,3,0,0,10,10,0,7,626,0,0,0,328,0,0,4,2,30,560,24,2251,3139,265,3613
187,HI TINGO MARIA,-76.0060316,-9.3032659,2104,10,7,10,8,0,6,1266,0,1,0,1164,2,1,35,1,405,2465,574,9887,13923,703,9034
188,HI ULDARICO ROCCA FERNANDEZ,-76.9320765,-12.2111556,11439,0,0,10,8,9,10,2603,1144,1,1,1676,4,3,137,63,575,5531,31,8717,29242,795,12535
189,HI URUBAMBA,-72.1156281,-13.3057641,882,0,0,10,10,0,6,376,0,0,0,226,0,0,5,0,16,263,15,251,339,106,1981
190,HI VICTOR ALFREDO LAZO PERALTA,-69.1988354,-12.5813539,3344,0,0,0,0,0,0,1205,271,0,0,1013,2,2,43,7,51,1677,11,10988,13645,455,10259
191,HI VICTOR SOLES GARCIA,-78.7521816,-8.4231047,346,0,0,6,4,0,3,740,0,0,0,418,0,0,21,0,65,905,6,2467,5661,226,3751
192,HI YURIMAGUAS,-76.1129048,-5.9007717,4827,0,0,7,7,8,3,726,0,0,0,539,1,0,13,0,19,1130,0,2032,2995,112,5111
193,HII ABANCAY,-72.896801,-13.641833,611,10,0,10,10,8,7,2680,2166,1,1,1731,4,3,46,34,254,1913,231,10394,15485,771,22054
194,HII ALBERTO HURTADO ABADIA,-77.013336,-12.1922947,2930,0,0,0,7,6,0,1108,208,1,0,963,2,3,22,3,269,551,74,5634,8749,791,10116
195,HII CAJAMARCA,-78.5088441,-7.1596125,23199,0,0,10,7,0,8,3367,99,2,1,2736,6,4,119,26,524,3454,3409,15446,26936,249,26526
196,HII CARLOS TUPPIA GARCIA GODOS,-74.2011016,-13.1752959,3267,0,0,10,8,8,8,2099,0,1,1,1484,4,5,91,38,314,2275,2424,14168,28058,813,12116
197,HII CERRO DE PASCO,-76.2651975,-10.6861364,20315,0,0,10,7,1,9,1899,116,2,1,1920,4,3,72,90,1241,696,130,11814,21265,926,17068
198,HII CHOCOPE,-79.2216764,-7.7926751,806,0,0,10,4,0,8,2121,0,2,1,1452,4,5,60,34,405,2459,746,11542,29950,544,12142
199,HII GUSTAVO LANATTA LUJAN,-77.6088697,-11.1135243,5902,0,0,10,8,8,10,3281,109,2,1,2283,5,9,147,164,1016,4327,498,19432,32746,823,30285
200,HII HUANCAVELICA,-74.9890025,-12.7832573,1591,9,7,9,10,1,5,1541,406,2,1,1633,4,1,37,3,81,768,214,9459,15154,830,13539
201,HII HUANUCO,-76.2394027,-9.9372551,14854,10,8,10,8,0,9,3956,3169,2,1,2646,5,5,123,61,685,6416,81,18513,33267,1343,21425
202,HII HUARAZ,-77.5381169,-9.4934694,1581,0,0,9,4,0,8,2485,426,1,1,1618,4,3,78,19,404,2088,79,9588,15039,625,17720
203,HII ILO,-71.3428317,-17.6423178,0,0,0,5,4,10,0,1520,85,1,1,1757,3,1,27,8,487,3320,13,14142,18522,816,15952
205,HII JAEN,-78.8008309,-5.7134468,26020,0,0,9,4,6,7,1372,0,0,0,1137,2,2,36,4,158,1784,58,4736,6316,409,11299
206,HII JORGE REATEGUI DELGADO,-80.6362576,-5.1935187,26522,0,0,10,4,7,9,4580,1927,3,2,3272,5,7,141,63,5959,1574,1022,23640,50395,911,31559
209,HII MOQUEGUA,-70.9541532,-17.1946684,462,0,0,4,1,7,2,1735,2219,2,1,1946,3,2,36,3,787,2196,59,16661,24876,1025,16536
210,HII PUCALLPA,-74.5463562,-8.3905682,15603,0,0,9,7,1,0,5506,2494,6,3,3676,5,7,115,41,1480,4334,83,38406,65714,1406,50635
211,HII RAMON CASTILLA,-77.0439943,-12.0446089,21987,0,0,10,7,6,10,4559,2124,3,1,3650,6,4,59,17,1336,4166,236,25607,32395,1440,31873
213,HII SAN ISIDRO LABRADOR,-76.9479233,-12.0462719,8831,0,0,10,8,9,10,0,0,0,0,0,0,13,0,0,0,0,0,0,12418,0,0
214,HII TARAPOTO,-76.3768663,-6.4905753,7431,0,0,10,8,1,8,3237,1494,2,1,2180,4,5,116,17,1266,2953,208,21905,30986,833,18549
215,HII VITARTE,-76.9237499,-12.0270275,3004,0,0,10,8,9,10,4327,1333,3,2,3668,6,5,0,19,656,4766,465,18028,31408,1140,26899
216,HIII ALBERTO LEOPOLDO BARTON THOMPSON,-77.1076871,-12.0487833,8543,0,0,10,7,6,10,8483,0,11,4,7859,19,13,236,35,128,3549,21722,34317,65101,2552,46954
217,HIII CAYETANO HEREDIA,-80.6226318,-5.1871517,12112,0,0,9,4,7,7,2771,735,3,2,3046,8,16,179,199,4167,1235,32,16438,58575,857,18480
218,HIII CHIMBOTE,-78.5884403,-9.0611812,27258,0,0,9,4,10,8,4088,4361,2,2,3015,9,12,133,61,1008,6241,1735,26723,77170,1270,27018
219,HIII GUILLERMO KAELIN DE LA FUENTE,-76.940273,-12.1774727,24727,0,0,10,8,9,10,6871,0,10,4,7659,17,13,288,74,162,4372,21029,17043,43115,1104,40905
221,HIII IQUITOS,-73.2439422,-3.7188408,17818,0,0,9,9,0,0,3933,1818,2,2,3026,6,8,152,109,5069,7333,145,16886,58743,929,36582
222,HIII JULIACA,-70.1638135,-15.4935373,122,0,0,10,10,1,7,3067,1116,3,2,2518,5,6,92,6,663,986,0,23286,38975,690,23578
223,HIII PUNO,-70.0003626,-15.8741224,2060,10,0,10,10,0,0,3052,259,3,2,2700,5,5,77,45,1028,1898,299,25865,47289,1003,24003
225,HIII TACNA DANIEL ALCIDES CARRION,-70.203839,-17.9795332,58,0,0,8,1,0,5,2398,1270,1,1,2039,7,9,95,109,594,3281,2578,29739,59663,1136,15224
226,HIII YANAHUARA,-71.5444476,-16.397038,17065,0,0,10,4,1,10,8848,2176,6,3,5861,12,13,275,281,8895,7910,822,43246,72787,3265,93682
227,HIV AUGUSTO HERNANDEZ MENDOZA,-75.7380884,-14.0655786,20657,0,0,10,4,10,10,3648,0,2,1,2944,8,8,149,130,2495,172,60,25666,47907,1175,23568
228,HIV VICTOR LAZARTE ECHEGARAY,-79.0120577,-8.0996179,24526,0,0,10,4,0,10,3439,0,3,2,3818,11,18,276,196,2999,6593,1074,53958,88745,1186,28527
229,HN ADOLFO GUEVARA VELASCO,-71.9597694,-13.5254125,20463,0,0,10,10,0,10,3704,0,2,2,3221,11,22,270,51,752,7581,1668,30163,92495,3190,29089
230,HN ALBERTO SABOGAL SOLOGUREN,-77.1224356,-12.0641753,12965,0,0,10,7,6,10,6900,0,7,5,8115,23,33,218,309,5454,5466,219,72641,184207,2092,53095
231,HN ALMANZOR AGUINAGA ASENJO,-79.8307247,-6.773264,15905,0,0,10,4,1,10,4966,0,5,4,5580,16,32,162,134,1804,846,228,35097,68734,1149,43965
232,HN CARLOS ALBERTO SEGUIN ESCOBEDO,-71.5292788,-16.394878,35924,0,0,10,4,1,10,4782,0,5,3,4876,20,25,65,302,8607,134,8,58676,166251,1570,45788
233,HN EDGARDO REBAGLIATI MARTINS,-77.0404425,-12.0787158,22230,0,0,10,7,6,10,15815,0,16,9,18611,64,114,542,736,13276,3269,2850,261591,650826,8023,240191
234,HN GUILLERMO ALMENARA IRIGOYEN,-77.0223818,-12.0585903,22471,0,0,10,7,6,10,8513,204,11,11,11099,41,67,211,382,10538,4839,160,114202,295064,5737,116769
235,HN RAMIRO PRIALE PRIALE,-75.228745,-12.0519695,7635,0,0,10,7,1,9,4229,0,4,3,3605,11,21,229,171,896,6256,399,25278,47683,1320,29751
236,PM ACARI,-74.6180833,-15.4384565,437,0,0,0,4,6,3,73,0,0,0,45,0,0,0,0,0,15,4,0,0,0,394
237,PM ACOBAMBA,-74.5679349,-12.8438736,9004,0,6,9,10,1,6,128,0,0,0,150,0,0,0,0,3,18,0,674,806,0,1152
238,PM AGUAYTIA,-75.5131117,-9.0395314,1872,0,0,6,8,8,1,140,0,0,0,77,0,0,0,0,0,70,3,0,0,0,821
239,PM ALAMEDA,-74.5787893,-8.3759779,81,0,0,9,7,1,0,636,0,0,0,423,0,0,0,0,0,80,1,1294,1297,0,5008
240,PM ANDAYCHAGUA,-76.0118076,-11.7430779,13,5,0,7,8,1,3,57,0,0,0,27,0,0,0,0,0,3,0,104,108,0,244
241,PM ATALAYA,-73.7637708,-10.7209348,3421,0,0,0,0,0,0,177,0,0,0,121,0,0,1,0,0,27,4,1044,1044,0,1720
242,PM ATICO,-73.6118017,-16.2265215,1073,0,0,0,0,0,0,62,0,0,0,53,0,0,0,0,0,12,0,0,0,0,425
243,PM AUCAYACU,-76.1116997,-8.928324,22201,0,0,6,7,1,2,140,0,0,0,98,0,0,0,0,0,1,2,833,854,0,698
244,PM AYABACA,-79.7147196,-4.6389001,4738,0,0,5,7,1,2,113,0,0,0,78,0,0,0,0,0,0,0,0,0,0,579
245,PM BAMBAMARCA,-78.5192276,-6.6795866,14846,10,0,9,7,0,7,188,0,0,0,200,0,0,0,0,2,5,1,0,0,0,1283
246,PM BELLAVISTA,-76.5858425,-7.0582517,3667,0,0,9,7,1,5,151,0,0,0,128,0,0,0,0,0,0,0,0,0,0,1420
247,PM BOLIVAR,-77.7031871,-7.1543336,339,4,6,6,8,0,2,51,0,0,0,83,0,0,0,0,0,4,4,0,0,0,308
248,PM CABANA,-78.0045224,-8.3962963,258,7,7,7,4,1,4,59,0,0,0,41,0,0,0,0,0,1,2,0,0,0,340
249,PM CANCHAQUE,-79.6080967,-5.3755675,1316,0,0,8,7,1,5,78,0,0,0,49,0,0,0,0,0,0,0,0,0,0,495
250,PM CANGALLO,-74.14432,-13.62828,635,0,6,8,8,1,4,133,0,0,0,84,0,0,0,0,0,0,0,0,0,0,1063
251,PM CARAVELI,-74.6169402,-15.4341928,437,0,0,0,4,6,3,50,0,0,0,37,0,0,0,0,0,4,0,0,0,0,376
252,PM CARTAVIO,-79.2211476,-7.8889329,7344,0,0,7,4,0,5,335,0,0,0,181,0,0,0,0,0,0,0,0,0,0,1655
253,PM CASTROVIRREYNA,-75.3157351,-13.2793012,6,0,0,0,0,0,0,206,0,0,0,140,0,0,0,1,5,10,0,418,681,0,1005
254,PM CHALA,-74.2560806,-15.8468141,1259,0,0,5,4,10,3,82,0,0,0,46,0,0,0,0,0,17,0,0,0,0,304
255,PM CHAO,-78.6772899,-8.5398035,1847,0,0,6,4,6,3,344,0,0,0,134,0,0,0,0,0,0,0,0,0,0,1629
256,PM CHICRIN,-76.1921395,-10.5752528,10,0,6,9,7,1,7,131,0,0,0,117,0,0,0,0,4,48,0,0,0,0,906
257,PM CHUCARAPI,-71.7184977,-17.0677552,5,0,0,5,4,10,2,155,0,0,0,100,0,0,0,0,0,6,13,0,0,0,1028
258,PM CHUQUIBAMBA,-72.6532936,-15.8403809,1034,0,0,0,0,0,0,70,0,0,0,61,0,0,0,0,0,18,0,0,0,0,544
259,PM CHUQUIBAMBILLA,-72.7061231,-14.1028317,594,0,6,7,8,9,3,123,0,0,0,84,0,0,0,0,1,11,2,0,0,0,828
260,PM COBRIZA,-74.3723264,-12.595755,0,9,6,9,10,7,1,69,0,0,0,50,0,0,0,0,0,9,9,0,0,0,445
261,PM COLQUIJIRCA,-76.2638427,-10.7551508,2,0,0,9,7,1,7,259,0,0,0,204,0,0,0,0,1,71,77,1515,1766,0,2017
262,PM CONCHUCOS,-77.8576184,-8.2679148,10,7,0,6,7,1,3,44,0,0,0,39,0,0,0,0,0,1,4,0,0,0,297
263,PM CONO NORTE,-71.5625341,-16.3623503,58,0,0,10,4,1,8,55,0,0,0,50,0,0,0,0,0,0,0,0,0,0,191
264,PM CONSTRUCCION CIVIL,-77.0232475,-12.0654989,22471,0,0,10,7,6,10,325,0,0,0,190,0,0,0,0,0,0,0,0,0,0,1635
265,PM CONTAMANA,-75.0073022,-7.3499642,7205,0,0,0,0,0,0,219,0,0,0,133,0,0,1,0,0,98,12,492,512,0,1970
266,PM CONTUMAZA,-78.8049516,-7.3666932,316,0,0,8,7,0,4,70,0,0,0,92,0,0,0,0,1,4,11,0,0,0,693
267,PM CORIRE,-72.4706728,-16.2196527,630,0,0,6,7,1,3,82,0,0,0,77,0,0,0,0,0,4,0,0,0,0,1053
268,PM CORPACANCHA,-76.2196665,-11.3628436,60,1,6,3,8,1,1,31,0,0,0,30,0,0,0,0,2,2,5,0,0,0,271
269,PM CURAHUASI,-72.6983841,-13.5367125,1221,7,6,8,10,8,3,81,0,0,0,128,0,0,0,0,0,42,0,0,0,0,1056
270,PM HUANCABAMBA,-79.4703885,-5.3860856,22,8,0,8,7,0,5,178,0,0,0,109,0,0,0,0,0,0,0,0,0,0,969
271,PM HUANCANE,-69.760508,-15.201082,1456,0,0,9,9,0,5,338,0,0,0,160,0,0,0,0,3,3,0,1058,1106,2,1313
272,PM HUANCAPI,-74.0667302,-13.7543026,235,0,7,7,8,1,3,86,0,0,0,58,0,0,0,0,0,0,0,0,0,0,887
273,PM HUARON,-76.3656685,-11.0002305,2614,5,0,6,7,1,2,43,0,0,0,34,0,0,0,0,0,2,23,0,0,0,174
274,PM IBERIA,-69.4904811,-11.4103092,969,0,0,0,0,0,0,132,0,0,0,188,0,0,0,0,9,20,0,710,789,0,1438
275,PM IGNACIO ESCUDERO,-80.8737685,-4.8442379,3345,0,0,9,8,8,6,192,0,0,0,97,0,0,0,0,0,0,0,0,0,0,814
276,PM JEQUETEPEQUE,-79.5630919,-7.3379214,415,0,0,9,4,0,8,72,0,0,0,57,0,0,0,0,0,0,0,0,0,0,446
277,PM JULI,-69.46202,-16.21524,1542,0,0,5,9,0,0,223,0,0,0,141,0,0,0,0,0,7,0,837,838,0,1163
278,PM LA CRUZ,-80.4453051,-3.5830899,8075,0,0,10,9,1,9,142,0,0,0,106,0,0,0,0,0,7,22,0,0,0,1881
279,PM LA QUEBRADA,-77.0498673,-12.0860043,22471,0,0,10,7,6,10,20,0,0,0,16,0,0,0,0,0,0,0,0,0,0,163
280,PM LA UNION,-80.7489565,-5.4042073,4094,0,0,9,4,7,7,253,0,0,0,145,0,0,0,0,0,0,0,723,969,0,1467
281,PM LAMAS,-76.5156092,-6.4200923,3639,0,0,10,8,8,7,185,0,0,0,132,0,0,0,0,0,0,0,0,0,0,840
282,PM LIMONCARRO,-79.4183427,-7.3037166,729,0,0,9,4,0,8,68,0,0,0,62,0,0,0,0,0,0,0,0,0,0,532
283,PM LLATA,-76.8158534,-9.5499717,301,9,0,9,8,1,5,152,0,0,0,85,0,0,0,0,0,0,0,228,275,0,761
284,PM LOCUMBA,-70.7629369,-17.614459,580,0,0,0,0,0,0,66,0,0,0,48,0,0,0,0,0,0,0,0,0,0,146
285,PM MARH TUNEL,-76.047894,-11.6284591,12,8,7,8,8,1,4,84,0,0,0,44,0,0,0,0,3,36,0,256,256,0,395
286,PM MATARANI,-72.0940159,-16.9989013,881,0,0,5,7,8,2,69,0,0,0,97,0,0,0,0,0,14,13,0,0,0,946
287,PM MAZUCO,-70.3682625,-13.0974726,1,0,0,0,0,0,0,69,0,0,0,48,0,0,0,2,2,3,1,0,0,0,217
288,PM MORROPON,-80.1657463,-5.0980884,10347,0,0,9,4,0,7,263,0,0,0,152,0,0,0,0,0,0,0,0,0,0,1474
290,PM OLMOS,-79.7452635,-5.9892468,5143,0,0,5,7,0,2,179,0,0,0,106,0,0,0,0,1,7,5,0,0,0,779
291,PM OMATE,-70.971972,-16.6726096,256,0,0,7,9,6,3,242,0,0,0,104,0,0,0,0,0,0,7,0,0,0,906
292,PM OYON,-76.7735488,-10.6678032,59,6,8,6,7,1,3,268,0,0,0,238,0,0,0,0,4,9,1,240,309,0,3324
293,PM OYOTUN,-79.3012573,-6.8474661,329,0,0,7,4,0,4,69,0,0,0,57,0,0,0,0,0,2,2,0,0,0,510
294,PM PACHACAYO,-75.7134759,-11.7705682,20,4,6,6,10,0,2,49,0,0,0,40,0,0,0,0,0,2,2,0,0,0,356
295,PM PAIJAN,-79.2986668,-7.7342484,748,0,0,10,4,0,8,323,0,0,0,191,0,0,0,0,0,0,0,0,0,0,1453
296,PM PALLASCA,-78.0045224,-8.3962963,258,7,7,7,4,1,4,31,0,0,0,24,0,0,0,0,0,2,0,0,0,0,194
297,PM PAMPAS,-77.8970207,-8.1952004,3,6,7,6,7,1,3,44,0,0,0,28,0,0,0,0,0,2,0,0,0,0,218
298,PM PANAO,-75.9931798,-9.8979032,428,7,6,8,8,8,4,93,0,0,0,59,0,0,0,0,0,0,0,273,284,0,487
299,PM PAUCARTAMBO,-75.737149,-10.7599544,1,7,0,8,9,1,3,102,0,0,0,61,0,0,0,0,0,164,0,0,0,0,338
300,PM PISCOBAMBA,-77.35896,-8.8657067,71,9,7,9,7,0,6,103,0,0,0,72,0,0,0,0,2,2,2,0,0,0,645
301,PM POZUZO,-75.5516879,-10.0680289,5,3,6,5,9,1,1,61,0,0,0,44,0,0,0,0,1,57,0,0,0,0,286
302,PM PUERTO BERMUDEZ,-74.9413361,-10.2928412,1862,0,0,0,0,0,0,134,0,0,0,73,0,0,0,0,2,37,0,0,0,0,512
303,PM SAN ISIDRO,-77.0535231,-12.1084864,7749,0,0,10,7,6,10,11,0,0,0,19,0,0,0,0,0,0,0,0,0,0,60
304,PM SAN MIGUEL,-77.086858,-12.0783947,10491,0,0,10,7,6,10,92,0,0,0,71,0,0,0,0,0,0,0,0,0,0,1208
305,PM SAN MIGUEL,-77.086858,-12.0783947,10491,0,0,10,7,6,10,129,0,0,0,95,0,0,0,0,0,8,0,0,0,0,812
306,PM SAN MIGUEL,-77.086858,-12.0783947,10491,0,0,10,7,6,10,92,0,0,0,71,0,0,0,0,0,0,0,0,0,0,1208
307,PM SAN MIGUEL,-77.086858,-12.0783947,10491,0,0,10,7,6,10,129,0,0,0,95,0,0,0,0,0,8,0,0,0,0,812
308,PM SAN PEDRO DE CAJAS,-75.8577528,-11.2493815,663,0,6,8,10,0,3,24,0,0,0,21,0,0,0,0,0,13,2,0,0,0,162
309,PM SANTA LUCIA,-76.4466782,-8.3716487,4,0,0,8,7,6,4,144,0,0,0,104,0,0,0,0,1,2,0,259,343,0,735
310,PM SANTA RITA,-72.0948819,-16.4939691,648,0,0,6,7,1,2,98,0,0,0,76,0,0,0,0,0,11,1,0,0,0,552
311,PM SANTIAGO DE CAO,-79.2394761,-7.9551186,1799,0,0,9,4,0,8,45,0,0,0,29,0,0,0,0,0,0,0,0,0,0,227
312,PM SANTIAGO DE CHUCO,-78.1721189,-8.1468836,3016,7,6,6,4,1,4,152,0,0,0,101,0,0,0,0,0,0,0,221,246,0,866
313,PM SAPOSOA,-76.7713069,-6.9338875,3294,0,0,8,8,8,4,115,0,0,0,90,0,0,0,0,0,0,0,0,0,0,812
314,PM SECHURA,-80.8243386,-5.5602441,4886,0,0,0,0,0,0,139,0,0,0,74,0,0,0,0,0,0,0,0,0,0,594
315,PM TEMBLADERA,-79.129784,-7.2538172,1168,0,0,6,4,0,4,82,0,0,0,98,0,0,0,0,0,3,4,0,0,0,314
316,PM TOCACHE,-76.5105754,-8.1894964,1965,0,0,8,7,0,4,320,0,0,0,200,0,0,0,0,2,1,0,988,1120,0,1870
317,PM TUCUME,-79.8429313,-6.5168756,275,0,0,10,4,1,8,133,0,0,0,64,0,0,0,0,0,1,0,0,0,0,578
318,PM VILCASHUAMAN,-73.9521468,-13.6541087,1208,0,6,9,10,0,4,107,0,0,0,76,0,0,0,0,0,0,0,0,0,0,1255
319,PM VITOR,-71.9369297,-16.4662259,326,0,0,0,0,0,0,50,0,0,0,35,0,0,0,0,0,1,0,0,0,0,205
320,PM YAURICOCHA,-75.283043,-12.90562,643,3,0,7,7,0,4,125,0,0,0,80,0,0,0,0,0,4,28,0,0,0,1032
321,PM YUNGAY,-77.7452975,-9.1384323,3246,10,0,9,4,0,7,146,0,0,0,87,0,0,0,0,1,1,1,0,0,0,845
322,PM YUNGUYO,-69.0880819,-16.2494365,4201,0,0,9,9,0,0,210,0,0,0,139,0,0,0,0,0,2,0,455,455,0,1267
324,PM ZARUMILLA,-80.2711588,-3.4949817,3793,0,0,10,9,6,8,235,0,0,0,177,0,0,0,0,0,5,99,0,0,0,3234
325,PM ZORRITOS,-80.6764829,-3.6811798,0,0,0,6,0,0,0,173,0,0,0,193,0,0,0,0,0,0,50,0,0,0,2546
326,POL AGUSTIN GAVIDIA SALCEDO,-79.9064606,-6.7085088,577,0,0,9,4,1,8,1059,0,0,0,701,1,0,0,0,192,1135,0,5413,7294,241,6160
327,POL ALBERTO LEOPOLDO BARTON THOMPSON,-77.1076871,-12.0487833,8543,0,0,10,7,6,10,7506,0,5,2,8532,7,0,0,0,0,0,0,52299,52424,1840,51342
328,POL AZANGARO,-70.1976222,-14.9126303,6066,0,0,9,10,0,4,452,0,0,0,299,0,0,0,0,4,60,1,448,869,82,2859
329,POL CHICLAYO OESTE,-79.862752,-6.771262,16861,0,0,10,4,1,10,3127,47,2,1,2167,2,0,0,0,299,1154,0,15080,16227,953,27055
330,POL CHINCHA,-77.0393019,-12.0626769,44263,0,0,10,7,6,10,3865,1378,4,1,3420,3,0,0,20,910,2357,40,22983,27893,1161,39359
331,POL CHOSICA,-76.6995719,-11.9384942,4023,0,0,10,8,1,9,2126,386,1,0,1386,1,0,0,5,257,2205,585,11006,12525,608,15191
333,POL EL PORVENIR,-79.0072782,-8.0746418,3197,0,0,10,4,0,10,1774,0,1,0,1063,0,1,3,0,24,695,289,4935,10409,359,10043
334,POL FIORI,-77.0592689,-12.0099265,5934,0,0,10,8,6,10,2030,0,1,0,1754,1,0,0,1,125,687,1,14714,15523,874,21541
335,POL FRANCISCO PIZARRO,-77.0351271,-12.0370175,12399,0,0,10,7,6,10,3345,169,2,1,2624,2,0,0,0,74,1416,0,12848,13690,1022,24605
336,POL GUILLERMO KAELIN DE LA FUENTE,-76.940273,-12.1774727,24727,0,0,10,8,9,10,11171,0,7,2,7881,5,0,0,0,0,0,0,39283,39385,2551,57811
337,POL ILAVE,-69.6384724,-16.0825395,4297,0,0,9,9,0,0,316,0,0,0,175,0,0,0,0,0,2,0,1493,1768,0,1577
338,POL IPRESS CLINICA UNIVERSITARIA,-77.059539,-11.9514079,6994,0,0,10,8,6,10,2833,1616,2,1,2559,3,0,0,0,0,0,0,9466,9584,526,8283
339,POL IPRESS SAN MIGUEL ARCANGEL,-77.0104022,-11.972208,15328,0,0,10,8,6,10,2314,0,2,1,1943,5,0,0,0,0,12,540,10619,10702,606,7810
340,POL IPRESS SUIZA LAB,-77.0314966,-12.1135251,22193,0,0,10,7,6,10,1405,0,4,2,1855,3,0,0,0,0,0,0,10025,10025,524,6095
341,POL IPRESS VILLA SALUD,-76.9339916,-12.20396,7666,0,0,10,8,9,10,1838,353,1,1,1534,3,0,0,0,0,0,0,6222,6222,406,5887
342,POL JAUJA,-75.5000931,-11.7641658,300,0,0,10,10,0,6,490,0,0,0,255,0,0,0,0,6,232,0,2420,2420,0,2357
343,POL JUAN JOSE RODRIGUEZ LAZO,-77.0046413,-12.1783831,8478,0,0,10,7,6,10,4775,1180,3,1,3088,3,0,0,32,99,4906,51,22110,27439,1321,25325
344,POL JULIACA,-70.136022,-15.4938153,6096,0,0,10,10,1,7,719,0,0,0,425,0,0,0,0,1,110,3,4839,5404,175,3361
345,POL METROPOLITANO HUANCAYO,-75.2275216,-12.0529245,7635,0,0,10,7,1,9,3326,887,1,1,1963,1,0,0,0,1,30,32,11427,13159,725,17709
346,POL METROPOLITANO,-71.5307429,-16.3952759,35924,0,0,10,4,1,10,3028,1369,3,2,3155,3,0,0,3,4,3906,10,0,458,1713,52555
347,POL PABLO BERMUDEZ,-77.0382078,-12.0725513,44096,0,0,10,7,6,10,3959,233,3,2,3481,3,0,0,1,2,2267,1,19160,19636,1401,49621
348,POL PROCERES,-76.9885567,-12.1508353,10014,0,0,10,8,9,10,2363,125,2,0,1755,2,0,0,3,268,1360,158,12328,12794,762,14234
349,POL SAN LUIS,-76.9919825,-12.0732277,16691,0,0,10,8,9,10,2218,153,1,0,1773,1,0,0,0,6,1248,9,14453,14919,536,16881
350,POL SAN SEBASTIAN,-71.9086695,-13.5339843,204,0,0,10,10,0,8,977,370,0,0,412,0,0,0,0,1,21,1,2699,4032,275,3973
351,POL SANTA CRUZ,-77.0497849,-12.1089722,22471,0,0,10,7,6,10,588,0,0,0,504,0,0,0,0,0,0,0,0,0,311,5702
353,POL VICTOR LARCO HERRERA,-79.0499461,-8.1377197,33841,0,0,10,4,0,10,1288,0,1,0,1060,1,0,0,0,0,0,0,12756,22074,0,9975
