hospital,COORDX,COORDY,CATEGORIA,capacity_index,utm_e,utm_n,pixel_ID
C.M. ACOMAYO,-71.57240829999998,-14.034572099999998,C.M.,0.16134023693637445,222162.2770227386,8446936.913998643,1273878.0
C.M. ANCIJE,-77.03982490000001,-12.0590827,C.M.,0.26369091595618954,277951.88965129456,8666087.056622254,1055665.0
C.M. APLAO,-72.4879444,-16.0710704,C.M.,0.26284817630214774,768746.9701436472,8221571.512204209,1447639.0
C.M. ASCOPE,-79.1143365,-7.7177186,C.M.,0.2653499201993005,707975.4523245324,9146448.863520224,637288.0
C.M. AYAVIRI,-70.58896120000001,-14.884294199999998,C.M.,0.22575051975490312,329064.1439039282,8353862.562319566,1358388.0
C.M. CAJABAMBA,-78.04522170000001,-7.620956899999999,C.M.,0.283430148789318,826048.2446207335,9156489.866637364,629382.0
C.M. CALCA,-75.1992944,-12.0861015,C.M.,0.2443239326320575,478311.8625870713,8663917.501937078,1058848.0
C.M. CARAZ,-77.81034809999998,-9.0477236,C.M.,0.2854628655562877,191025.44672939903,8998679.284156619,743075.0
C.M. CARHUAZ,-77.6475068,-9.2824547,C.M.,0.1842192381034533,209132.41396295308,8972835.626319913,761747.0
C.M. CASAPALCA,-76.23777319999998,-11.6529936,C.M.,0.18320907601116374,365077.54352944164,8711522.780742496,1007797.0
C.M. CASMA,-78.3006626,-9.4718308,C.M.,0.24600992309973588,796404.915917061,8951833.207288753,776700.0
C.M. CAYALTI,-79.56596329999998,-6.886811,C.M.,0.3268469527485401,658444.8618635484,9238525.960405255,567616.0
C.M. CELENDIN,-78.1444218,-6.8667976999999984,C.M.,0.28509429786193413,815617.9442351747,9240035.196537117,566299.0
C.M. CHOTA,-78.6648243,-6.5595955,C.M.,0.26468454594050816,758226.9014340036,9274334.490585888,537345.0
C.M. COISHCO,-78.6143377,-9.0202023,C.M.,0.2908183565346022,762275.6445178629,9002057.864471892,740934.0
C.M. CONCEPCION,-75.318405,-11.9224036,C.M.,0.12374156259792164,465328.67477907013,8682006.896122625,1039124.0
C.M. CUTERVO,-78.821275,-6.376045299999999,C.M.,0.26421237301761824,741004.914165044,9294717.220525619,518121.0
C.M. ESPECIALIZADO CASA GRANDE,-79.1901505,-7.7473402999999985,C.M.,0.3349792827861338,699597.0146478009,9143208.832916247,639323.0
C.M. HUANCHACO,-79.1212106,-8.0829664,C.M.,0.06315233031349109,707034.8700635934,9106052.655269414,666183.0
C.M. HUARI,-77.1676413,-9.3419045,C.M.,0.1836019132380138,261919.65990720777,8966616.152057977,766943.0
C.M. HUARMEY,-78.15068240000002,-10.0664169,C.M.,0.2657758030653175,812330.4943371613,8885885.939627027,832371.0
C.M. JUAN AITA VALLE,-79.8682381,-6.9111607999999976,C.M.,0.34622407559887014,625035.7058151312,9235923.369349862,569796.0
C.M. LEONCIO AMAYA TUME,-80.7413826,-5.4026375999999985,C.M.,0.24594655491095435,528650.7470861352,9402822.3877651,407925.0
C.M. LEONCIO PRADO,-77.11843329999998,-12.0755423,C.M.,0.20608858843510544,269405.4241427545,8664200.905500539,1056645.0
C.M. LIRCAY,-74.72129319999998,-12.9900305,C.M.,0.2520980059344293,530224.6588042069,8563950.24271687,1162230.0
C.M. MALA,-76.63024250000002,-12.661562599999998,C.M.,0.24660140006959438,322956.06138913694,8599738.119236756,1125729.0
C.M. SAN JUAN,-75.389241,-12.2014344,C.M.,0.3083844600628491,457659.00204598875,8651141.584875468,1072589.0
C.M. SIHUAS,-77.62926970000002,-8.5547681,C.M.,0.2232623613756248,210564.0412388434,9053382.43231563,703622.0
C.M. TAMBO GRANDE,-80.34111260000002,-4.9263073,C.M.,0.28651442571888525,573050.233693962,9455445.501888677,351232.0
C.M. URCOS,-71.62283550000002,-13.6824359,C.M.,0.22305155635872587,216284.73004175304,8485857.410645863,1236183.0
C.A.P.I ANTABAMBA,-72.87858299999998,-14.3647468,C.A.P.I,0.12138974079267528,728773.6752420673,8410882.806341479,1307742.0
C.A.P.I ASILLO,-70.35347800000001,-14.786157199999998,C.A.P.I,0.08162736633799948,354335.5446125049,8364886.598701275,1349386.0
C.A.P.I CAMPO VERDE,-74.8066036,-8.474095599999998,C.A.P.I,0.10249134662043678,521286.81888425164,9063284.240728118,697364.0
C.A.P.I CASCAS,-78.8221874,-7.47996,C.A.P.I,0.061530917746597844,740343.7721187284,9172597.827928083,617927.0
C.A.P.I CHAVALINA,-75.67094990000002,-13.9333816,C.A.P.I,0.06149492511222262,427521.3000765132,8459539.14773421,1262863.0
C.A.P.I CHURCAMPA,-74.3871012,-12.7396025,C.A.P.I,0.1622137997750086,566533.3443357581,8591581.894392136,1134552.0
C.A.P.I CORACORA,-73.78014470000002,-15.0163124,C.A.P.I,0.14229017030825045,631142.2435830361,8339508.035618588,1369048.0
C.A.P.I DESAGUADERO,-69.04039499999999,-16.5631251,C.A.P.I,0.14182896226038286,495690.3876001748,8168772.785006799,1477942.0
C.A.P.I ECHARATE,-72.59468310000003,-12.775618199999998,C.A.P.I,0.1213949729824213,761137.8565944415,8586464.963006007,1139466.0
C.A.P.I EL PEDREGAL,-72.0148928,-16.016251699999998,C.A.P.I,0.12570196910931883,819478.853152642,8226969.210966887,1443880.0
C.A.P.I HUALGAYOC,-78.6068528,-6.7638136,C.A.P.I,0.2420835243931184,764531.5364986641,9251709.646878043,556476.0
C.A.P.I HUANCASANCOS,-74.3360203,-13.9220184,C.A.P.I,0.0617398388318291,571729.2265643935,8460798.041190833,1261270.0
C.A.P.I HUAYTARA,-75.3532422,-13.6040212,C.A.P.I,0.1623362787074028,461788.4719984585,8496038.569353022,1227971.0
C.A.P.I ILABAYA,-70.5127345,-17.420402300000006,C.A.P.I,0.08144253520092941,339327.53041620285,8073301.8912641425,1511417.0
C.A.P.I IMAZA,-78.33862859999998,-5.058393,C.A.P.I,0.14166543031597767,795103.4953361985,9440276.394148361,367583.0
C.A.P.I LAMUD,-77.95052609999998,-6.136222099999999,C.A.P.I,0.12120580783709782,173406.8888659585,9320837.626634857,491690.0
C.A.P.I LONYA GRANDE,-78.42226649999998,-6.0971422,C.A.P.I,0.14137905716124455,785320.1321522098,9325375.042678304,486964.0
C.A.P.I MALABRIGO,-79.4380417,-7.7036782000000015,C.A.P.I,0.04263514353945436,672269.2463280889,9148145.923828587,635898.0
C.A.P.I MANANTAY,-74.5629775,-8.399357,C.A.P.I,0.14707167490035994,548111.9452267736,9071525.379090806,691471.0
C.A.P.I NUEVA CAJAMARCA,-77.30372299999998,-5.946466,C.A.P.I,0.16420105238934218,244955.8111519065,9342181.785585055,470007.0
C.A.P.I OCALLI,-78.2362225,-6.2221075999999975,C.A.P.I,0.1411855735203014,805856.2409972609,9311443.087168638,500892.0
C.A.P.I PALPA,-75.18080350000002,-14.5340655,C.A.P.I,0.16213309090969946,480520.79506737704,8393199.673753038,1324886.0
C.A.P.I PEDRO RUIZ GALLO,-77.9767202,-5.943541199999999,C.A.P.I,0.12196450476088729,170388.2153202794,9342149.29302302,469926.0
C.A.P.I PICHANAQUI,-74.8745545,-10.9265815,C.A.P.I,0.14224477205832634,513707.53884087264,8792135.620582622,924137.0
C.A.P.I SALAVERRY,-78.97689989999998,-8.2141205,C.A.P.I,0.08358809287126022,722870.8397538337,9091468.327068891,676681.0
C.A.P.I SAN ANTONIO DEL ESTRECHO,-72.66981129999998,-2.4516589,C.A.P.I,0.10121102153256105,759127.5713912789,9728790.872416051,64558.0
C.A.P.I SAN PEDRO DE LLOC,-79.5033042,-7.425015399999999,C.A.P.I,0.06293207986694943,665175.7779057927,9178987.880497623,613777.0
C.A.P.I TAMBO DE MORA,-76.18706809999998,-13.4733198,C.A.P.I,0.10290434469161847,371512.78276040615,8510210.511845402,1214815.0
C.A.P.I TARATA,-70.032524,-17.474394699999998,C.A.P.I,0.06158468759731904,390370.16133382637,8067667.181063583,1512851.0
C.A.P.I VILLA TUPAC AMARU,-76.15211490000002,-13.7138414,C.A.P.I,0.08294562509579158,375422.3035356717,8483624.07658837,1239075.0
C.A.P.II ACORA,-69.8004455,-15.9706654,C.A.P.II,0.20208737159207776,414344.21352056984,8234144.8160599535,1441419.0
C.A.P.II CABALLOCOCHA,-70.5160813,-3.9107889,C.A.P.II,0.223707813165611,331668.72617315035,9567581.66751113,224364.0
C.A.P.II CABANILLAS,-70.34938000000001,-15.6426004,C.A.P.II,0.18306052356760075,355362.3711813814,8270138.220846685,1420499.0
C.A.P.II CHALHUANCA,-73.25491070000002,-14.290925199999998,C.A.P.II,0.1818361360879216,688239.7912427768,8419390.640236117,1300019.0
C.A.P.II CHANCAY,-77.27012140000002,-11.5622737,C.A.P.II,0.19656025198319937,252425.11889269098,8720865.111235486,996994.0
C.A.P.II CHONGOYAPE,-79.39502569999998,-6.6374574000000015,C.A.P.II,0.2237771546214308,677427.0885875387,9266041.363460371,544673.0
C.A.P.II CHULUCANAS,-80.1582241,-5.1005997,C.A.P.II,0.3076399959906438,593303.4614120997,9436154.610041216,372396.0
C.A.P.II CHUPACA,-75.2858208,-12.0561522,C.A.P.II,0.20601601949545725,468892.14409926883,8667220.944926962,1054884.0
C.A.P.II COTABAMBAS,-72.17518630000002,-13.946330599999998,C.A.P.II,0.16173988198868355,805234.5354956676,8456394.700554218,1264158.0
C.A.P.II GUADALUPE,-79.47601329999998,-7.245252199999999,C.A.P.II,0.08212773522327199,668255.8193738449,9198856.951801455,598500.0
C.A.P.II HUAMACHUCO,-78.03977320000001,-7.818346699999997,C.A.P.II,0.08547717844607619,826498.2088575294,9134635.99372599,645619.0
C.A.P.II HUANTA,-74.2404429,-12.938899,C.A.P.II,0.18496164106908972,582389.6958080959,8569498.905550484,1156791.0
C.A.P.II HUAYLLAY,-76.3651756,-10.9996208,C.A.P.II,0.20312854920423704,350849.60766001244,8783723.412424874,931006.0
C.A.P.II HUNTER,-71.5548355,-16.445478400000002,C.A.P.II,0.12570755230063557,227191.56191220408,8180064.519077738,1471073.0
C.A.P.II HUYRO,-72.5554068,-13.0074028,C.A.P.II,0.08201475282223814,765159.9511838173,8560771.872291781,1164319.0
C.A.P.II JAYANCA,-79.8202852,-6.3922952,C.A.P.II,0.18217022573728114,630471.0491785409,9293280.39087482,519789.0
C.A.P.II JUNIN,-75.34121789999998,-11.335798,C.A.P.II,0.14292711614649822,462766.66891470214,8746869.018901488,970893.0
C.A.P.II LAREDO,-78.9627624,-8.0819939,C.A.P.II,0.12734794795651666,724502.5892670143,9106076.268373575,666202.0
C.A.P.II LUIS PALZA LEVANO,-70.2529717,-18.0396924,C.A.P.II,0.2299126793517379,367378.23827847047,8004973.918475185,1524796.0
C.A.P.II LURIN,-76.88403199999998,-12.2526278,C.A.P.II,0.2510914930080094,295065.12197212566,8644795.772582771,1078291.0
C.A.P.II MOROCOCHA,-76.14047140000002,-11.598508,C.A.P.II,0.18175834440007574,375661.0230502952,8717593.111144148,1001017.0
C.A.P.II MOTUPE,-79.7147468,-6.1512014000000015,C.A.P.II,0.16315351187466065,642210.2936580819,9319910.322100187,493335.0
C.A.P.II NASCA,-74.9327583,-14.8358687,C.A.P.II,0.24960533255867487,507234.47099674336,8359826.439281272,1353388.0
C.A.P.II NAUTA,-73.58098679999998,-4.5053588,C.A.P.II,0.24308387632456452,657431.981724201,9501859.027411368,299977.0
C.A.P.II OSCAR FERNANDEZ DAVILA VELEZ,-70.2442628,-18.0027194,C.A.P.II,0.1496251708556368,368272.66519350454,8009071.484563248,1524280.0
C.A.P.II OTUZCO,-78.56703329999998,-7.9131332999999975,C.A.P.II,0.14282275572162442,768245.4908780301,9124520.94242196,652988.0
C.A.P.II PARAMONGA,-77.81613540000002,-10.6742959,C.A.P.II,0.18720461364512012,191905.40977474983,8818630.152134068,897271.0
C.A.P.II PATAPO,-79.63055990000002,-6.7376852,C.A.P.II,0.20518153454824403,651353.0654454487,9255036.724792505,554066.0
C.A.P.II POMABAMBA,-77.45698039999998,-8.8228089,C.A.P.II,0.1639514636411028,229733.88057732396,9023848.268353472,724840.0
C.A.P.II PUEBLO NUEVO,-76.13527420000001,-13.395466199999998,C.A.P.II,0.1486383277608908,377079.9354176909,8518848.336611405,1206071.0
C.A.P.II PUQUIO,-74.11922209999999,-14.6910554,C.A.P.II,0.22351016019744427,594828.0628177462,8375659.332701069,1339518.0
C.A.P.II RODRIGUEZ DE MENDOZA,-77.4855682,-6.3941102,C.A.P.II,0.20334774049649681,225042.9076031953,9292564.807753293,520069.0
C.A.P.II SAN IGNACIO,-79.00564960000001,-5.1454968,C.A.P.II,0.18261810415796886,721077.1362760275,9430907.491847748,377547.0
C.A.P.II SAN JACINTO,-78.28098790000001,-9.148289,C.A.P.II,0.1658865606604128,798841.9908490259,8987625.32351447,751138.0
C.A.P.II SAN JUAN BAUTISTA,-73.28637009999998,-3.774692500000001,C.A.P.II,0.11672702058469908,690301.5193505142,9582589.616375659,206352.0
C.A.P.II SANTA MARGARITA,-75.7144801,-14.1941139,C.A.P.II,0.2691310143209142,422906.1728391504,8430687.61609083,1290226.0
C.A.P.II SANTA MARIA DE NIEVA,-77.8610254,-4.6010065,C.A.P.II,0.10208745390441089,182527.45655912976,9490803.348786647,311784.0
C.A.P.II SAYAN,-77.2000542,-11.1348902,C.A.P.II,0.2288380606886993,259712.54817453233,8768214.384191971,946989.0
C.A.P.II TAYABAMBA,-77.30085059999998,-8.2769363,C.A.P.II,0.10311906562825864,246556.44003091851,9084353.333707975,682071.0
C.A.P.II TORATA,-70.8432115,-17.075957100000004,C.A.P.II,0.08226074769674917,303853.6179182188,8111115.511321057,1501090.0
C.A.P.II VILLA RICA,-75.2741089,-10.7394842,C.A.P.II,0.3043431143426159,470029.196337644,8812812.316518683,904483.0
C.A.P.II YANAHUANCA,-76.5160357,-10.4912286,C.A.P.II,0.22372790609369478,334086.7125962103,8839874.983066168,878209.0
C.A.P.III ALFREDO PIAZZA ROBERTS,-77.0277411,-12.0866391,C.A.P.III,0.3366281892892792,279290.3736915884,8663047.916922597,1058628.0
C.A.P.III ALTO SELVA ALEGRE,-71.52664519999998,-16.3815149,C.A.P.III,0.23511568839129207,230115.11839228286,8187183.739586776,1467094.0
C.A.P.III CARABAYLLO,-77.03840840000002,-11.8968398,C.A.P.III,0.3011010820164893,277973.54748851527,8684039.128568426,1035977.0
C.A.P.III CARLOS CASTANEDA IPARRAGUIRRE,-79.83159930000002,-6.7732204,C.A.P.III,0.33206967887567085,629121.1156460278,9251165.423763776,557088.0
C.A.P.III CASTILLA,-80.6210706,-5.220479699999999,C.A.P.III,0.2523743798198973,541991.9172453666,9422951.495160108,386321.0
C.A.P.III CATACAOS,-80.6743053,-5.268845099999999,C.A.P.III,0.22980323701818145,536089.7476385637,9417608.431882352,392281.0
C.A.P.III EL AGUSTINO,-76.99819529999998,-12.0451741,C.A.P.III,0.2818860117832333,282474.036220871,8667659.296679908,1053689.0
C.A.P.III GAMARRA,-77.0169256,-12.0704164,C.A.P.III,0.3221321354038966,280454.8085273019,8664851.530282201,1056657.0
C.A.P.III HUARAL,-77.21321139999998,-11.5031049,C.A.P.III,0.3019207580583184,258583.91816419887,8727460.90915367,990212.0
C.A.P.III HUAYCAN,-76.8299031,-12.009876,C.A.P.III,0.3241975422979986,300774.5211841946,8671692.138868215,1049756.0
C.A.P.III INDEPENDENCIA,-77.0613238,-11.9926853,C.A.P.III,0.35178259454525584,275555.5795378096,8673416.021822128,1047757.0
C.A.P.III LUIS NEGREIROS,-77.0980445,-12.0156194,C.A.P.III,0.1490397486136436,271575.00102268625,8670848.267578727,1049724.0
C.A.P.III MANTARO,-75.2047755,-12.061962199999998,C.A.P.III,0.22265463224871487,477713.3860925567,8666586.367847715,1055885.0
C.A.P.III MANUEL MANRIQUE NEVADO,-79.83669559999998,-6.7597307,C.A.P.III,0.342442733238781,628561.4111332296,9252658.301646791,556328.0
C.A.P.III MELITON SALAS TEJADA,-71.53035059999998,-16.4390253,C.A.P.III,0.2896777561334721,229798.59740105778,8180811.830403658,1470588.0
C.A.P.III PAUCARPATA,-71.48728779999998,-16.409949599999994,C.A.P.III,0.08674763111975499,234359.9516857866,8184087.764564437,1469113.0
C.A.P.III PEDRO REYES BARBOZA,-77.76003159999998,-10.7545395,C.A.P.III,0.3359672050667862,198127.46085755358,8809803.496917892,905901.0
C.A.P.III PUENTE PIEDRA,-77.0801015,-11.8628636,C.A.P.III,0.22193688685315602,273402.34518855345,8687764.725138031,1032054.0
C.A.P.III PUNCHANA,-73.2472702,-3.731476099999999,C.A.P.III,0.1587329000526978,694654.539679621,9587360.111980846,201363.0
C.A.P.III SAN JUAN DE MIRAFLORES,-76.96966570000002,-12.1644871,C.A.P.III,0.25872448196719866,285676.1367362846,8654481.097686516,1067473.0
C.A.P.III SURQUILLO,-77.0206474,-12.1044303,C.A.P.III,0.22637384358245197,280077.3354649827,8661085.179730298,1060596.0
C.A.P.III ZARATE,-76.994518,-12.0234967,C.A.P.III,0.3188057626102036,282857.085712121,8670060.595642967,1050723.0
H.I AGUSTIN ARBULU NEYRA,-79.7932957,-6.6393958,H.I,0.4810281123704066,633391.0856571711,9265951.951944675,544625.0
H.I ALBRECHT,-79.0346491,-8.1115197,H.I,0.4410159020219291,716561.8644838057,9102849.205851115,668836.0
H.I ALTO MAYO,-77.6077865,-5.886184,H.I,0.44648014776744743,211240.1768934016,9348702.610594388,463277.0
H.I ANDAHUAYLAS,-73.37676409999997,-13.6616515,H.I,0.4564459423816588,675568.9424997069,8489105.325058402,1234257.0
H.I ANTONIO SKRABONJA ANTONCICH,-76.196945,-13.7179733,H.I,0.5110988516000228,370576.48962952476,8483143.466115631,1239932.0
H.I AURELIO DIAZ UFANO Y PERAL,-76.9955667,-11.968477900000002,H.I,0.5649824122397699,282698.787481173,8676147.031749621,1044814.0
H.I CARLOS ALBERTO CORTEZ JIMENEZ,-80.477633,-3.6095382000000007,H.I,0.5210742166524218,558012.633400669,9601015.631163374,186855.0
H.I CARLOS ALCANTARA BUTERFIELD,-76.945527,-12.0618229,H.I,0.5097737229477264,288222.6907834677,8665858.531341674,1055676.0
H.I CHEPEN,-79.42882569999998,-7.2271893,H.I,0.37572454816952666,673473.7239692677,9200836.739681484,597089.0
H.I CONO SUR,-78.5236678,-9.1245719,H.I,0.35599782667134394,772170.816377796,8990442.30083545,749091.0
H.I EDMUNDO ESCOMEL,-71.5087324,-16.4170798,H.I,0.5408284665029834,232078.22739965963,8183270.148518689,1469605.0
H.I ESPINAR,-71.405896,-14.7879476,H.I,0.40787419939220354,241028.43536332075,8363739.324634556,1349260.0
H.I FELIX TORREALVA GUTIERREZ,-75.7267897,-14.0716072,H.I,0.5140142621939079,421535.9102324936,8444233.26765075,1276918.0
H.I FLORENCIA DE MORA,-79.02302840000002,-8.0830079,H.I,0.4602972560253482,717858.1727878816,9105996.838517006,666195.0
H.I HEROES DEL CENEPA,-78.14805600000003,-4.651111,H.I,0.4910652308439062,816441.72013198,9485262.1466879,317929.0
H.I HUARIACA,-76.1885171,-10.4440152,H.I,0.4300524021125309,369915.8085645006,8845250.35919576,873837.0
H.I JORGE VOTO BERNALES CORPANCHO,-76.94738079999998,-12.0472733,H.I,0.5349930253922262,288009.3962531977,8667466.824579123,1053695.0
H.I JUANJUI,-76.7278803,-7.173149500000001,H.I,0.28766877709675115,309196.8495965733,9206750.652867146,592452.0
H.I LA ESPERANZA,-79.05527459999998,-8.075620299999999,H.I,0.4094787665252637,714307.277180441,9106831.120057106,666191.0
H.I LAMPA,-70.3692863,-15.3611026,H.I,0.3221484246233632,353029.3375274135,8301268.537475495,1399497.0
H.I MARINO MOLINA SCIPPA,-77.05783220000002,-11.9435828,H.I,0.5511584168009072,275895.42748045136,8678851.733672043,1041860.0
H.I MOCHE,-79.01260970000001,-8.167579,H.I,0.40074989535069183,718960.8544183956,9096636.287456784,673431.0
H.I NAYLAMP,-79.84253879999999,-6.7762306,H.I,0.5273692709175091,627911.2256784502,9250835.488021333,557844.0
H.I OXAPAMPA,-75.40001099999998,-10.5750237,H.I,0.4726884844400817,456239.5265382987,8830981.712424446,887983.0
H.I PACASMAYO,-79.565078,-7.404005099999999,H.I,0.43211319147336685,658364.4968898189,9181333.795855317,611738.0
H.I QUILLABAMBA,-72.6919814,-12.868355,H.I,0.4306717425632674,750477.3818765567,8576298.316607442,1149641.0
H.I RIOJA,-77.1717963,-6.0670575,H.I,0.3082961626697174,259621.40326477846,9328901.056681642,484289.0
H.I SULLANA,-80.68643229999998,-4.903638,H.I,0.4390077671209228,534765.5465693405,9457979.26439711,348182.0
H.I TARMA,-75.6874886,-11.3971756,H.I,0.2884041161477481,424996.7724481542,8740015.172373468,977735.0
H.I TINGO MARIA,-76.0060316,-9.3032659,H.I,0.4667313811314101,389511.27198550163,8971462.48750996,763884.0
H.I ULDARICO ROCCA FERNANDEZ,-76.93207650000002,-12.2111556,H.I,0.5120273825756396,289804.5127082254,8649347.193069264,1073388.0
H.I URUBAMBA,-72.1156281,-13.3057641,H.I,0.34648709391826416,812516.7039487506,8527239.037620109,1196849.0
H.I VICTOR ALFREDO LAZO PERALTA,-69.19883540000001,-12.5813539,H.I,0.44937072041843446,478402.4101226728,8609151.87292656,1117073.0
H.I VICTOR SOLES GARCIA,-78.7521816,-8.4231047,H.I,0.33089308498218817,747506.8425170808,9068215.328647062,692926.0
H.I YURIMAGUAS,-76.1129048,-5.900771700000001,H.I,0.3723233482836794,376805.7337137279,9347641.31067267,465370.0
H.II ABANCAY,-72.896801,-13.641832999999998,H.II,0.508225425858105,727519.1672868698,8490899.39869939,1232589.0
H.II ALBERTO HURTADO ABADIA,-77.013336,-12.192294699999998,H.II,0.4515094608527716,280945.3121163604,8651369.575450808,1071407.0
H.II CAJAMARCA,-78.50884409999998,-7.1596125,H.II,0.5137676597467358,775140.7466759547,9207860.625780202,591528.0
H.II CARLOS TUPPIA GARCIA GODOS,-74.2011016,-13.1752959,H.II,0.5061694358637635,586574.9545644005,8543341.253281565,1183185.0
H.II CERRO DE PASCO,-76.26519750000001,-10.6861364,H.II,0.49187905518238484,361630.26103068923,8818440.937611489,899188.0
H.II CHOCOPE,-79.22167639999998,-7.7926750999999985,H.II,0.46421883969213923,696098.0796145542,9138209.39864963,643425.0
H.II GUSTAVO LANATTA LUJAN,-77.6088697,-11.1135243,H.II,0.5429650602147811,215014.87818858575,8770216.825381005,944010.0
H.II HUANCAVELICA,-74.9890025,-12.7832573,H.II,0.5238109500042232,501193.6103112974,8586832.812818974,1139179.0
H.II HUANUCO,-76.2394027,-9.9372551,H.II,0.5656617860370359,364131.0209067627,8901271.166110404,819820.0
H.II HUARAZ,-77.53811689999998,-9.4934694,H.II,0.4730056892409321,221327.0217168351,8949571.935636375,778957.0
H.II ILO,-71.3428317,-17.6423178,H.II,0.5411408654402929,251429.5525315035,8047845.456175899,1517288.0
H.II JAEN,-78.8008309,-5.7134468,H.II,0.42521707941336967,743563.8848544525,9368005.966208305,443322.0
H.II JORGE REATEGUI DELGADO,-80.6362576,-5.193518699999999,H.II,0.5266754255741484,540310.6298260357,9425932.794162504,383324.0
H.II MOQUEGUA,-70.95415320000002,-17.194668399999998,H.II,0.5508427599119458,292176.0705035673,8097861.584268973,1505063.0
H.II PUCALLPA,-74.54635619999998,-8.390568199999999,H.II,0.5793792016671553,549942.9487813541,9072494.965275537,690824.0
H.II RAMON CASTILLA,-77.04399430000002,-12.0446089,H.II,0.5296144806287745,277485.913032498,8667685.101307662,1053683.0
H.II SAN ISIDRO LABRADOR,-76.9479233,-12.0462719,H.II,0.1471064139941691,287949.53269103833,8667577.197323598,1053695.0
H.II TARAPOTO,-76.3713254,-6.4735739,H.II,0.5445854148452075,348358.1061554102,9284240.4518462,528167.0
H.II VITARTE,-76.92374989999998,-12.0270275,H.II,0.4660482195074166,290567.0447140974,8669724.883277444,1051720.0
H.III CAYETANO HEREDIA,-77.05501989999998,-12.0225013,H.III,0.5428927681413278,276266.8691141164,8670122.20164121,1050716.0
H.III GUILLERMO KAELIN DE LA FUENTE,-76.94027299999998,-12.1774727,H.III,0.5567029517552663,288885.815908029,8653067.41480808,1069445.0
H.III IQUITOS,-73.25163260000002,-3.7436735,H.III,0.4886945169838029,694167.2262834152,9586012.212400056,203359.0
H.III JULIACA,-70.1638135,-15.493537300000002,H.III,0.5323350630410729,375165.5418221789,8286746.68665181,1409835.0
H.III PUNO,-70.02188050000001,-15.8402218,H.III,0.47104699396368294,390575.96714852913,8248471.896796045,1433002.0
H.III TACNA DANIEL ALCIDES CARRION,-70.203839,-17.9795332,H.III,0.4736511352060436,372536.1116360606,8011665.439360023,1523878.0
H.III YANAHUARA,-71.54444759999998,-16.397038000000002,H.III,0.6663958583781702,228234.040050173,8185441.401547741,1468106.0
H.IV AUGUSTO HERNANDEZ MENDOZA,-75.73808840000002,-14.065578599999998,H.IV,0.4968992537827388,420313.95699624653,8444896.262098582,1276030.0
H.IV VICTOR LAZARTE ECHEGARAY,-79.0120577,-8.0996179,H.IV,0.5505339142071979,719058.6127945358,9104153.613729505,667519.0
H.N. ADOLFO GUEVARA VELASCO,-71.9597694,-13.5254125,H.N.,0.5669716346360598,179599.39105320524,8502822.97168647,1220559.0
H.N. ALBERTO SABOGAL SOLOGUREN,-77.12243559999997,-12.0641753,H.N.,0.642210794336391,268959.83803077205,8665455.269120349,1055655.0
H.N. ALMANZOR AGUINAGA ASENJO,-79.83072469999998,-6.7732639999999975,H.N.,0.5161903697759361,629217.7700806719,9251160.370388493,557088.0
H.N. CARLOS ALBERTO SEGUIN ESCOBEDO,-71.5292788,-16.394878,H.N.,0.5830787986138029,229852.0928586417,8185700.809417926,1468108.0
H.N. EDGARDO REBAGLIATI MARTINS,-77.04044250000003,-12.0787158,H.N.,0.9108712121212121,277900.81571671297,8663914.290291294,1057642.0
H.N. GUILLERMO ALMENARA IRIGOYEN,-77.02238179999998,-12.0585903,H.N.,0.7309675681868297,279851.0097507205,8666155.610725481,1055667.0
H.N. RAMIRO PRIALE PRIALE,-75.22874499999998,-12.0519695,H.N.,0.5526040314153624,475103.74693644396,8667689.291249579,1054891.0
P.M. ACARI,-74.6180833,-15.4384565,P.M.,0.10136763583356824,540974.2997321818,8293141.478535779,1404893.0
P.M. ACOBAMBA,-74.569682,-12.8435129,P.M.,0.14297028466061587,546693.7322547599,8580130.515220014,1146653.0
P.M. AGUAYTIA,-75.51311170000002,-9.0395314,P.M.,0.10235450544228304,443607.26194434497,9000737.662157334,742669.0
P.M. ALAMEDA,-74.5787893,-8.3759779,P.M.,0.16924642868975526,546373.9601821164,9074111.996078568,690173.0
P.M. ANDAYCHAGUA,-76.01180759999998,-11.7430779,P.M.,0.14114243479981162,389747.0459490612,8701657.90313546,1018502.0
P.M. ATALAYA,-73.7637708,-10.720934800000002,P.M.,0.16385900296163383,635185.6977818806,8814605.324426947,902941.0
P.M. ATICO,-73.6118017,-16.2265215,P.M.,0.08145091595166444,648369.3600651363,8205505.487227401,1457440.0
P.M. AUCAYACU,-76.1116997,-8.928324,P.M.,0.20199744862173427,377777.34728199244,9012888.064708209,733751.0
P.M. AYABACA,-79.7154042,-4.640713,P.M.,0.06159060200046219,642489.7133581501,9486921.276400015,315754.0
P.M. BAMBAMARCA,-78.5192276,-6.679586599999999,P.M.,0.12224645437676218,774270.4543218254,9260980.5146903,548768.0
P.M. BELLAVISTA,-76.5858425,-7.0582517000000005,P.M.,0.08264258674073369,324842.04169014667,9219513.685036773,582534.0
P.M. BOLIVAR,-77.7031871,-7.1543335999999975,P.M.,0.12122333806008087,201421.3069689591,9208312.340581138,590916.0
P.M. CABANA,-78.0045224,-8.3962963,P.M.,0.12131782025391465,829917.4616371278,9070630.393843893,691058.0
P.M. CANCHAQUE,-79.6080967,-5.3755675000000025,P.M.,0.06149062511088574,654222.343647529,9405645.277819488,405159.0
P.M. CANGALLO,-74.1952511,-13.5574851,P.M.,0.06196189642233114,587071.7393111959,8501069.41045737,1222898.0
P.M. CARAVELI,-74.6169402,-15.434192800000002,P.M.,0.08122824301384042,541097.7791360503,8293612.872111715,1404893.0
P.M. CARTAVIO,-79.2211476,-7.888932899999999,P.M.,0.04459987158448388,696111.3025122929,9127562.812445123,650911.0
P.M. CASTROVIRREYNA,-75.3157351,-13.2793012,P.M.,0.18252176844585277,465799.79228449607,8531955.431193285,1193798.0
P.M. CHALA,-74.2560806,-15.8468141,P.M.,0.0812605901188517,579655.3816072524,8247867.861207876,1433012.0
P.M. CHAO,-78.6772899,-8.5398035,P.M.,0.0632682242558839,755680.1942004365,9055255.341822404,702185.0
P.M. CHUCARAPI,-71.7184977,-17.0677552,P.M.,0.14235782600034863,210648.00775327504,8110933.717842663,1500679.0
P.M. CHUQUIBAMBA,-72.6532936,-15.8403809,P.M.,0.08143332398034067,751336.3744411309,8247315.160091599,1432686.0
P.M. CHUQUIBAMBILLA,-72.70612309999999,-14.102831699999998,P.M.,0.1420336142723412,747665.7096391096,8439692.48113355,1280833.0
P.M. COBRIZA,-74.3719431,-12.5930355,P.M.,0.10141001209803735,568217.8547657571,8607786.73254506,1118373.0
P.M. COLQUIJIRCA,-76.2638427,-10.7551508,P.M.,0.18348686443002624,361809.7765083882,8810808.98805054,906081.0
P.M. CONCHUCOS,-77.8524505,-8.2660783,P.M.,0.12125079244012307,185744.14085092064,9085161.239552988,680703.0
P.M. CONO NORTE,-71.5625341,-16.3623503,P.M.,0.06131919392785031,226252.7114392002,8189257.416040097,1466074.0
P.M. CONSTRUCCION CIVIL,-77.0232475,-12.0654989,P.M.,0.06499218127345274,279762.3798012051,8665390.53443726,1055667.0
P.M. CONTAMANA,-75.0073022,-7.349964200000001,P.M.,0.14571892825484808,499194.08034234995,9187563.507129027,607507.0
P.M. CONTUMAZA,-78.8049516,-7.3666931999999985,P.M.,0.14166347650575803,742308.8731710219,9185118.800223991,609116.0
P.M. CORIRE,-72.4709341,-16.223463199999998,P.M.,0.10156113498714511,770360.5432270202,8204678.265483632,1457053.0
P.M. CORPACANCHA,-76.2196665,-11.3628436,P.M.,0.10113784156940481,366915.2251238856,8743621.184626495,973745.0
P.M. CURAHUASI,-72.6991752,-13.539007000000002,P.M.,0.10170118113108796,749015.1504910198,8502085.311031634,1221340.0
P.M. HUANCABAMBA,-79.4703885,-5.3860856,P.M.,0.06295381433601208,669480.8707488785,9404445.739587065,406144.0
P.M. HUANCANE,-69.76206690000001,-15.2003298,P.M.,0.2635387752649757,418146.7946866211,8319373.715278696,1386216.0
P.M. HUARON,-76.36566850000001,-11.0002305,P.M.,0.14122573341219063,350796.05376748974,8783655.73477846,931916.0
P.M. IBERIA,-69.4904811,-11.4103092,P.M.,0.16309888709650477,446492.82432778797,8738606.558537005,980436.0
P.M. IGNACIO ESCUDERO,-80.87376850000003,-4.8442379,P.M.,0.061834895157808795,513996.57643412694,9464552.066094331,341168.0
P.M. JEQUETEPEQUE,-79.56309190000002,-7.337921400000001,P.M.,0.021453524290220585,658607.2535806353,9188640.766721966,606258.0
P.M. JULI,-69.46202,-16.215239999999998,P.M.,0.14280849250495317,450620.56526697456,8207200.139462721,1456887.0
P.M. LA CRUZ,-80.4453051,-3.5830899,P.M.,0.12233708739913048,561604.7647354152,9603937.09071597,182945.0
P.M. LA QUEBRADA,-77.04986729999997,-12.0860043,P.M.,0.0212041161743171,276880.5804731721,8663100.19459901,1058626.0
P.M. LA UNION,-80.74895649999998,-5.4042073,P.M.,0.1638619715239378,527811.6009091539,9402649.223030027,407924.0
P.M. LAMAS,-76.5156092,-6.4200922999999985,P.M.,0.06301431981258875,332382.0787842889,9290109.215984691,522861.0
P.M. LIMONCARRO,-79.4183427,-7.3037166,P.M.,0.0415295688324373,674601.8869290769,9192369.664466571,603453.0
P.M. LLATA,-76.81585340000002,-9.5499717,P.M.,0.2018130371920647,300691.1562537189,8943819.441743322,783485.0
P.M. LOCUMBA,-70.7629369,-17.614459,P.M.,0.061571432615897745,312945.24743362167,8051597.341482382,1516530.0
P.M. MARH TUNEL,-76.047894,-11.6284591,P.M.,0.14138906782641958,385767.4838154407,8714319.516468767,1004912.0
P.M. MATARANI,-72.10014340000002,-17.0054057,P.M.,0.14242442355240997,808771.2956078133,8117560.3269924745,1498119.0
P.M. MAZUCO,-70.3682625,-13.0974726,P.M.,0.14140230729520714,351669.1332844307,8551683.702658556,1174615.0
P.M. MORROPON,-79.96857179999998,-5.1811403,P.M.,0.10452511223867088,614312.4309138458,9427219.75068563,381410.0
P.M. OLMOS,-79.74526350000002,-5.9892468,P.M.,0.12200495893240088,638874.6297144664,9337825.430287628,474491.0
P.M. OMATE,-70.971972,-16.672609599999998,P.M.,0.1221335601366502,289700.96555944125,8155623.358074311,1483533.0
P.M. OYON,-76.7735488,-10.6678032,P.M.,0.16297074044464244,306007.953663675,8820195.398165185,897396.0
P.M. OYOTUN,-79.3043021,-6.851955,P.M.,0.12169231977017544,687376.7377808378,9242286.070050053,564670.0
P.M. PACHACAYO,-75.71347589999998,-11.770568199999998,P.M.,0.16131322702350784,422264.7441532365,8698717.540630631,1021459.0
P.M. PAIJAN,-79.29866679999998,-7.734248399999998,P.M.,0.06391049044479959,687631.6992105729,9144706.22708147,638627.0
P.M. PALLASCA,-77.9990449,-8.253176700000001,P.M.,0.061085028666867866,169569.11631396652,9086470.662408387,680038.0
P.M. PAMPAS,-77.8970207,-8.195200400000001,P.M.,0.10140591997542464,180772.9715048889,9092971.1900363,675515.0
P.M. PANAO,-75.9931798,-9.8979032,P.M.,0.14151217135327715,391112.98317091796,8905713.42197069,815871.0
P.M. PAUCARTAMBO,-75.737149,-10.759954400000002,P.M.,0.12195106558499821,419404.4738542872,8810465.515759993,907002.0
P.M. PISCOBAMBA,-77.3597194,-8.866762099999997,P.M.,0.14174591064136677,240469.2626646198,9019054.06499369,728893.0
P.M. POZUZO,-75.55168789999998,-10.0680289,P.M.,0.12164479165578733,439549.21971438365,8887015.09970803,833590.0
P.M. PUERTO BERMUDEZ,-74.94133610000002,-10.2928412,P.M.,0.12207318451945079,506423.4609876076,8862209.07979282,857990.0
P.M. SAN ISIDRO,-77.05352309999998,-12.1084864,P.M.,0.02103541682651928,276501.1979794252,8660609.69781363,1060592.0
P.M. SAN PEDRO DE CAJAS,-75.8577528,-11.2493815,P.M.,0.12104974598731398,406372.1842254288,8756309.384304807,959919.0
P.M. SANTA LUCIA,-76.4466782,-8.371648700000001,P.M.,0.22194463571919734,340708.630501549,9074322.600641953,689303.0
P.M. SANTA RITA,-72.0948819,-16.493969099999994,P.M.,0.10155626702195117,810160.2586119039,8174189.406961304,1473884.0
P.M. SANTIAGO DE CAO,-79.23947609999998,-7.9551186,P.M.,0.0611929078330872,694059.0289860363,9120251.133370113,656229.0
P.M. SANTIAGO DE CHUCO,-78.1721189,-8.146883599999999,P.M.,0.1023786672006624,811639.9258912213,9098373.367787676,671572.0
P.M. SAPOSOA,-76.7711626,-6.9353405,P.M.,0.0817945655335311,304316.00393328536,9233033.708066165,572368.0
P.M. SECHURA,-80.81877440000002,-5.562239599999999,P.M.,0.0815808660700743,520071.58507565793,9385182.96550742,426061.0
P.M. TEMBLADERA,-79.129784,-7.2538172,P.M.,0.12149606730542907,706489.3886091929,9197766.736115757,599250.0
P.M. TOCACHE,-76.5148645,-8.189367200000001,P.M.,0.22513458181096319,333122.3218465077,9094452.916035127,675032.0
P.M. TUCUME,-79.84293129999998,-6.5168756,P.M.,0.1418530983470476,627934.8818733868,9279511.6976477,532950.0
P.M. VILCASHUAMAN,-73.9521468,-13.6541087,P.M.,0.06193238615495614,613331.3316904148,8490282.357814178,1233326.0
P.M. VITOR,-71.93692970000002,-16.466225899999998,P.M.,0.10119949520248608,186396.21163425286,8177212.513156154,1471995.0
P.M. YAURICOCHA,-75.28304299999998,-12.90562,P.M.,0.12182387717933553,469294.76138580655,8573284.429645497,1153001.0
P.M. YUNGAY,-77.7423469,-9.1384166,P.M.,0.1418182786289521,198583.13875629107,8988698.530460183,750530.0
P.M. YUNGUYO,-69.0907993,-16.2460645,P.M.,0.1425902627071882,490297.21523607225,8203843.877360179,1458995.0
P.M. ZARUMILLA,-80.2711588,-3.4949817000000003,P.M.,0.12378701567953736,580954.1283876335,9613663.313964892,173222.0
P.M. ZORRITOS,-80.67985209999998,-3.6817005,P.M.,0.14316589015052122,535551.5985988516,9593049.476252709,195703.0
POL. AGUSTIN GAVIDIA SALCEDO,-79.90646059999997,-6.7085088000000015,POL.,0.3143180733138077,620863.1333161632,9258339.530052543,551718.0
POL. AZANGARO,-70.19762220000001,-14.912630300000002,POL.,0.26516054478178575,371186.34616206936,8350990.954751367,1360655.0
POL. CHOSICA,-76.69957190000002,-11.9384942,POL.,0.3296844400277758,314919.3223912914,8679679.574675506,1040922.0
POL. EL PORVENIR,-79.0072782,-8.0746418,POL.,0.4411717942883634,719599.0115765384,9106913.807581436,665536.0
POL. FIORI,-77.05926889999998,-12.0099265,POL.,0.38927329862296584,275793.6758750244,8671510.063694226,1049728.0
POL. FRANCISCO PIZARRO,-77.0351271,-12.0370175,POL.,0.3287457205212258,278445.36527834204,8668532.209123828,1052695.0
POL. ILAVE,-69.6384724,-16.0825395,POL.,0.16357471823369205,431715.7439763075,8221829.130490567,1448520.0
POL. IPRESS CLINICA UNIVERSITARIA,-77.059539,-11.9514079,POL.,0.22436746272766173,275715.92324697005,8677984.554590562,1042841.0
POL. IPRESS SAN MIGUEL ARCANGEL,-77.0104022,-11.972208,POL.,0.29866035871260604,281085.71715621685,8675722.611130986,1044812.0
POL. IPRESS SUIZA LAB,-77.03149659999998,-12.1135251,POL.,0.22641867077867717,278903.56752956484,8660070.143163152,1061577.0
POL. IPRESS VILLA SALUD,-76.93180290000002,-12.20396,POL.,0.22180065354925246,289828.6107327929,8650143.507507043,1072404.0
POL. JAUJA,-75.4869033,-11.780623599999998,POL.,0.16505212640227654,446953.0865300947,8697658.368947575,1022462.0
POL. JUAN JOSE RODRIGUEZ LAZO,-77.00464129999997,-12.1783831,POL.,0.3864555296875922,281880.2946999092,8652915.788078818,1069437.0
POL. PABLO BERMUDEZ,-77.0383208,-12.072353199999998,POL.,0.39122215802692273,278126.6076964997,8664619.988642605,1056655.0
POL. PROCERES,-76.98853670000003,-12.1507384,POL.,0.35590533800687296,283610.86366503953,8655987.302174272,1066489.0
POL. SAN LUIS,-76.99198249999998,-12.0732277,POL.,0.35304322760696205,283173.17422844155,8664560.366423273,1056660.0
POL. SAN SEBASTIAN,-71.90866949999999,-13.5339843,POL.,0.27466608509109325,185146.63392961898,8501940.277797144,1221434.0
POL. VICTOR LARCO HERRERA,-79.04994610000001,-8.1377197,POL.,0.1992198275311651,714861.7120007505,9099959.248274595,670810.0
C.A.P.I CHICAMA,-79.4338188,-7.7001724,C.A.P.I,0.06336245921304261,672736.5254657152,9148531.925385406,635898.0
C.A.P.I CHIVAY,-71.60204379999998,-15.6388455,C.A.P.I,0.10162718735846961,221026.15727498167,8269304.345029705,1419775.0
C.A.P.I UCHIZA,-76.46199109999998,-8.4592507,C.A.P.I,0.14275346109375103,339058.3866087777,9064628.59206017,696504.0
C.A.P.II BAÑOS DEL INCA,-78.468452,-7.156113,C.A.P.II,0.20258265241465387,779606.8780153892,9208223.452444227,590824.0
C.A.P.II CHILCA,-75.19904050000002,-12.0864385,C.A.P.II,0.15217677236390845,478339.5203665136,8663880.256811347,1058848.0
C.A.P.II CHINCHEROS,-72.0514291,-13.3964033,C.A.P.II,0.20204516834384037,819358.6586657541,8517121.74388529,1206561.0
C.A.P.II LA TINGUIÑA,-75.7051647,-14.0393995,C.A.P.II,0.24768656790520788,423859.9995377428,8447802.6291484,1273382.0
C.A.P.III HNA MARIA DONROSE SUTMOLLER,-77.1243942,-11.8865243,C.A.P.III,0.3670028677829158,268595.24763735046,8685110.311129296,1034987.0
C.A.P.III IPRESS BARRANCO,-77.01874839999998,-12.147307,C.A.P.III,0.21003564261799518,280319.2228153891,8656342.741910757,1065503.0
C.A.P.III IPRESS JESUS MARÍA,-77.04352890000001,-12.0750295,C.A.P.III,0.31580873916485797,277561.6898881534,8664319.647157384,1057641.0
C.A.P.III IPRESS MAGDALENA,-77.06728309999998,-12.0905112,C.A.P.III,0.3064379935445257,274987.9609720845,8662587.256815484,1058623.0
C.A.P.III IQUITOS.,-73.2472702,-3.731476099999999,C.A.P.III,0.1318648686105526,694654.539679621,9587360.111980846,201363.0
C.A.P.III METROPOLITANO DE HUANUCO,-76.2445382,-9.9336317,C.A.P.III,0.2577027777288109,363566.4583160492,8901669.763349203,819819.0
C.A.P.III METROPOLITANO DE PIURA,-80.6548882,-5.1782884000000005,C.A.P.III,0.17616788085142887,538246.842245532,9427617.524425795,381328.0
C.A.P.III METROPOLITANO DE TACNA,-70.25098050000001,-18.0135031,C.A.P.III,0.25508175418817963,367569.44142432825,8007873.397680406,1524413.0
C.A.P.III METROPOLITANO DE TRUJILLO,-79.01982480000002,-8.127396899999999,C.A.P.III,0.1609055878789635,718187.4032301292,9101084.990767356,670155.0
C.A.P.III METROPOLITANO DEL CALLAO,-77.1177282,-12.0670123,C.A.P.III,0.23513436893575868,269474.9085821264,8665145.327285193,1056645.0
C.A.P.III METROPOLITANO,-77.1177282,-12.0670123,C.A.P.III,0.2743647391216482,269474.9085821264,8665145.327285193,1056645.0
C.A.P.III SAN ISIDRO.,-77.05352309999998,-12.1084864,C.A.P.III,0.2159819682405934,276501.1979794252,8660609.69781363,1060592.0
C.M. MACHU PICCHU,-72.5449629,-13.163141199999998,C.M.,0.10139985944189805,766126.086961834,8543524.026715415,1181585.0
C.M. PAUCARTAMBO.,-75.737149,-10.759954400000002,C.M.,0.2018035945879502,419404.4738542872,8810465.515759993,907002.0
H.I MARIA REICHE NEUMAN,-74.96073759999999,-14.8546621,H.I,0.3720343301845427,504223.8390355472,8357748.549881882,1354884.0
H.I OCTAVIO MONGRUT MUÑOZ,-77.09452579999999,-12.0658858,H.I,0.5276489982949137,272000.69034284976,8665289.396515058,1055658.0
H.I RIO NEGRO - SATIPO,-74.65907279999998,-11.2084381,H.I,0.26527807768290657,537217.9896705291,8760951.786178071,956109.0
H.I SICUANI,-71.2220832,-14.2713299,H.I,0.4531091938961314,260266.5715741972,8421119.213862555,1298553.0
H.II CAÑETE,-76.38009670000002,-13.0754862,H.II,0.46530461268636125,350372.71915267786,8554108.774246713,1172078.0
H.II LIMA NORTE-CALLAO LUIS NEGREIROS VEGA,-77.0980445,-12.0156194,H.II,0.4544610122502869,271575.00102268625,8670848.267578727,1049724.0
H.II MANUEL DE TORRES MUÑOZ,-72.0151576,-17.019567499999994,H.II,0.4514201037771629,817803.2345471963,8115855.769024855,1498775.0
H.II RENE TOCHE GROPPO,-76.13290129999999,-13.4245949,H.II,0.48223389651934023,377351.66422424867,8515627.612965833,1208702.0
H.II TALARA,-81.2735632,-4.5682,H.II,0.4825882945371448,469655.20915461634,9495060.14333556,307378.0
H.III ALBERTO LEOPOLDO BARTON THOMPSON,-77.10768709999998,-12.048783300000002,H.III,0.5830265161844497,270552.87883309054,8667170.749701528,1053676.0
H.III CHIMBOTE,-78.58844029999999,-9.061181199999998,H.III,0.5768738986421575,765094.3546642568,8997504.789642503,744347.0
H.III HOSP. DE EMERGENCIAS GRAU,-77.03125250000002,-12.0588542,H.III,0.6179222336476589,278885.2235163287,8666119.270232834,1055666.0
H.III SUAREZ-ANGAMOS,-77.02816159999998,-12.1134006,H.III,0.5743874378564081,279266.5667682206,8660086.618748073,1061577.0
P.M. CHICRIN,-76.1921395,-10.5752528,P.M.,0.14219392958556076,369574.36940277583,8830735.36792611,887888.0
P.M. HUANCAPI,-74.06673020000002,-13.7543026,P.M.,0.06176132844361418,600894.6707748756,8479250.949407976,1243646.0
P.M. QUEROBAMBA,-73.8183804,-13.989166199999998,P.M.,0.062406448214439456,627618.0391189756,8453153.710256482,1268340.0
P.M. QUIRUVILCA,-78.3095598,-8.002344899999999,P.M.,0.08221514653226829,796588.1225157175,9114472.973322129,660321.0
P.M. SAN GABAN,-70.3836815,-13.5322798,P.M.,0.1021730121434277,350264.8542585967,8503577.111586882,1220748.0
P.M. SUNGARO,-75.0341535,-9.370027499999999,P.M.,0.1015536524179027,496249.94496553426,8964238.016310027,769091.0
POL. ALBERTO LEOPOLDO BARTON THOMPSON.,-77.10768709999998,-12.048783300000002,POL.,0.25349316718264175,270552.87883309054,8667170.749701528,1053676.0
POL. CENTRAL DE PREVENCION LARCO,-77.02937539999998,-12.1254857,POL.,0.18074430670911876,279144.36055457284,8658748.508400384,1063540.0
POL. CHICLAYO OESTE,-79.862752,-6.771261999999999,POL.,0.3244740254041818,625678.4582703448,9251390.129598154,557084.0
POL. GUILLERMO KAELIN DE LA FUENTE.,-76.94027299999998,-12.1774727,POL.,0.27886536618406454,288885.815908029,8653067.41480808,1069445.0
POL. HOSP. PRIVADO DEL PERÚ,-80.6529809,-5.2454611,POL.,0.2247256345349632,538454.1350508975,9420192.057464637,389305.0
POL. JULIACA.,-70.11309920000001,-15.5193245,POL.,0.32972762737713807,380620.7470104811,8283922.795303471,1411675.0
POL. METROPOLITANO DE PUNO,-70.025733,-15.842703,POL.,0.26923163373196174,390164.7412908017,8248195.394156073,1433519.0
POL. METROPOLITANO HUANCAYO,-75.22752159999997,-12.0529245,POL.,0.34764357031512355,475236.9881145616,8667583.798759794,1054891.0
POL. VICTOR PANTA RODRIGUEZ,-78.59731289999998,-9.066942,POL.,0.1947411732466165,764114.2586943207,8996873.814043859,745028.0
