hospital,COORDX,COORDY,POPULATION,congestion,capacity_index,vulnerability
C.A.P.I SAN ANTONIO DEL ESTRECHO,-72.66981129999998,-2.4516589,772,0.25,0.10121102153256104,23.529671259415238
P.M. ZARUMILLA,-80.2711588,-3.4949817000000003,3793,0.052339009590918015,0.12378701567953734,22.705939107316077
P.M. LA CRUZ,-80.4453051,-3.5830898999999996,8075,0.061902418447694,0.12233708739913048,23.218734871240514
H.I CARLOS ALBERTO CORTEZ JIMENEZ,-80.477633,-3.6095382000000007,947,0.11082684464219504,0.5210742166524218,39.18747861023718
P.M. ZORRITOS,-80.67985209999998,-3.6817005,696,0.25,0.14316589015052122,25.103417544979774
C.A.P.III PUNCHANA,-73.2472702,-3.7314760999999987,31013,0.061073417036719785,0.1587329000526978,41.187592847227045
C.A.P.III IQUITOS.,-73.2472702,-3.7314760999999987,31013,0.061073417036719785,0.1318648686105526,38.529886481415566
H.III IQUITOS,-73.25163260000002,-3.7436735,31013,0.07910783836416746,0.4886945169838029,81.18311193192963
C.A.P.II SAN JUAN BAUTISTA,-73.28637009999998,-3.7746925000000013,11440,0.09333722969023962,0.11672702058469908,23.60920120348348
C.A.P.II CABALLOCOCHA,-70.5160813,-3.9107888999999996,1343,0.10656213704994197,0.22370781316561103,26.939470974360297
C.A.P.II NAUTA,-73.58098679999998,-4.5053588,2943,0.09642256902761104,0.2430838763245645,27.927204806515743
H.II TALARA,-81.2735632,-4.5682,12432,0.07711968975850518,0.4825882945371448,50.184767341710284
C.A.P.II SANTA MARIA DE NIEVA,-77.8610254,-4.6010065,2,0.3333333333333333,0.10208745390441087,18.151036621298157
P.M. AYABACA,-79.7154042,-4.640713,4738,0.07703422600682877,0.06159060200046219,21.783755567582066
H.I HEROES DEL CENEPA,-78.14805600000003,-4.651111,2,0.0,0.4910652308439062,49.99999999999897
P.M. IGNACIO ESCUDERO,-80.87376850000003,-4.8442379,3345,0.082625050020008,0.0618348951578088,22.085251368053093
H.I SULLANA,-80.68643229999998,-4.903638,8577,0.04781248516947141,0.4390077671209228,43.89513900674853
C.M. TAMBO GRANDE,-80.34111260000002,-4.9263072999999995,7734,0.06832636313422237,0.28651442571888525,30.167729978340613
C.A.P.I IMAZA,-78.33862859999998,-5.058393,4,0.19780219780219774,0.14166543031597767,22.8709008248422
C.A.P.II CHULUCANAS,-80.1582241,-5.1005997,1604,0.11156723225688743,0.3076399959906438,31.49743029484129
C.A.P.II SAN IGNACIO,-79.00564960000001,-5.1454968,7080,0.058203600280317964,0.18261810415796886,24.89646970571215
C.A.P.III METROPOLITANO DE PIURA,-80.6548882,-5.1782884000000005,1396,0.06836445953593663,0.17616788085142887,25.296006332128673
P.M. MORROPON,-79.96857179999998,-5.1811403,31,0.07630888376856118,0.10452511223867088,23.47930830760218
H.II JORGE REATEGUI DELGADO,-80.6362576,-5.1935186999999985,26522,0.05236399700842193,0.5266754255741484,77.17497018126974
C.A.P.III CASTILLA,-80.6210706,-5.2204796999999985,10527,0.05812537966077346,0.2523743798198973,28.410244239912185
POL. HOSP. PRIVADO DEL PERÚ,-80.6529809,-5.2454611,579,0.06649495162013573,0.2247256345349632,26.990812725557895
C.A.P.III CATACAOS,-80.6743053,-5.268845099999999,3844,0.05444194497856267,0.22980323701818145,27.2477526390797
P.M. CANCHAQUE,-79.6080967,-5.3755675000000025,1316,0.10064102564102566,0.06149062511088574,21.041267599520577
P.M. HUANCABAMBA,-79.4703885,-5.3860856,22,0.0,0.06295381433601208,18.993124537015035
P.M. LA UNION,-80.74895649999998,-5.4042072999999995,4094,0.05056687643592047,0.1638619715239378,23.97135963407015
C.M. LEONCIO AMAYA TUME,-80.7413826,-5.402637599999999,625,0.08335260561208761,0.24594655491095435,28.066737379431757
P.M. SECHURA,-80.81877440000002,-5.562239599999999,4886,0.04970532308164733,0.0815808660700743,21.04924287652846
H.II JAEN,-78.8008309,-5.7134468,26020,0.0482317278025897,0.4252170794133697,69.30583293472131
H.I ALTO MAYO,-77.6077865,-5.886184,0,0.0,0.4464801477674474,45.70810066942993
H.I YURIMAGUAS,-76.1129048,-5.900771700000001,4827,0.06352716941777246,0.3723233482836794,35.22834396043302
C.A.P.I PEDRO RUIZ GALLO,-77.9767202,-5.9435411999999985,1241,0.1024276377217554,0.12196450476088727,23.216134017413278
C.A.P.I NUEVA CAJAMARCA,-77.30372299999998,-5.946466,8968,0.0971828322934392,0.16420105238934218,24.894361210997786
P.M. OLMOS,-79.74526350000002,-5.9892468,5143,0.05934090467870318,0.12200495893240088,23.051477491127237
H.I RIOJA,-77.1717963,-6.0670575,6096,0.07917443779878662,0.3082961626697174,30.62580471916164
C.A.P.I LONYA GRANDE,-78.42226649999998,-6.0971421999999995,904,0.09117072669339092,0.14137905716124455,24.624047209033908
C.A.P.I LAMUD,-77.95052609999998,-6.136222099999999,1486,0.0747173224785165,0.12120580783709782,24.018692785439104
C.A.P.II MOTUPE,-79.7147468,-6.1512014000000015,1630,0.06926698390199452,0.16315351187466065,25.001604546822612
C.A.P.I OCALLI,-78.2362225,-6.2221075999999975,1,0.0,0.1411855735203014,22.846976177535517
C.M. CUTERVO,-78.821275,-6.376045299999999,5968,0.05746165793049893,0.26421237301761824,29.037167389557112
C.A.P.II JAYANCA,-79.8202852,-6.3922952,862,0.1011808367071525,0.18217022573728114,25.099682376408946
C.A.P.II RODRIGUEZ DE MENDOZA,-77.4855682,-6.3941102,1107,0.09144796380090496,0.2033477404964968,26.3175652795336
P.M. LAMAS,-76.5156092,-6.420092299999999,3639,0.11144883485309016,0.06301431981258875,20.544252675653382
H.II TARAPOTO,-76.3713254,-6.4735739,1451,0.1252035002035002,0.5445854148452075,37.09215142091681
P.M. TUCUME,-79.84293129999998,-6.5168756,275,0.0,0.1418530983470476,22.880255607382963
C.M. CHOTA,-78.6648243,-6.5595955,216,0.0,0.26468454594050816,29.062474249367707
H.I AGUSTIN ARBULU NEYRA,-79.7932957,-6.6393958,7446,0.04951014051429027,0.4810281123704066,45.89370430339048
C.A.P.II CHONGOYAPE,-79.39502569999998,-6.6374574000000015,1117,0.07277454609554028,0.2237771546214308,26.94296710890104
P.M. BAMBAMARCA,-78.5192276,-6.679586599999999,14846,0.058199376271839534,0.12224645437676218,23.00919720381392
POL. AGUSTIN GAVIDIA SALCEDO,-79.90646059999997,-6.7085088000000015,577,0.06322527601597366,0.3143180733138077,31.636753492580546
C.A.P.II PATAPO,-79.63055990000002,-6.7376852,2430,0.07408904486838087,0.20518153454824406,26.440415864697066
C.A.P.III MANUEL MANRIQUE NEVADO,-79.83669559999998,-6.7597307,51475,0.0484225283996451,0.342442733238781,62.14150110711748
C.A.P.I HUALGAYOC,-78.6068528,-6.7638136,587,0.13127166575442434,0.2420835243931184,27.87560368392321
POL. CHICLAYO OESTE,-79.862752,-6.771261999999999,16861,0.055468303826384985,0.3244740254041818,32.43811709883948
C.A.P.III CARLOS CASTANEDA IPARRAGUIRRE,-79.83159930000002,-6.7732204,15905,0.052215372026309735,0.33206967887567085,32.95927608404116
H.N. ALMANZOR AGUINAGA ASENJO,-79.83072469999998,-6.7732639999999975,15905,0.052215372026309735,0.5161903697759361,50.31467470392151
H.I NAYLAMP,-79.84253879999999,-6.7762306,12647,0.04426202425826795,0.5273692709175091,50.373562356481216
P.M. OYOTUN,-79.3043021,-6.851955,280,0.05805324707202469,0.12169231977017544,22.963878898724314
C.M. CELENDIN,-78.1444218,-6.8667976999999984,9677,0.06200321698190741,0.2850942978619341,30.18294880873316
C.M. CAYALTI,-79.56596329999998,-6.886811,5750,0.05206427518569744,0.3268469527485401,32.674976986897484
C.M. JUAN AITA VALLE,-79.8682381,-6.9111607999999976,150,0.17373737373737375,0.3462240755988701,34.03740345906229
P.M. SAPOSOA,-76.7711626,-6.9353405,3294,0.0746031746031746,0.0817945655335311,22.451886164416493
P.M. BELLAVISTA,-76.5858425,-7.0582517000000005,3667,0.05659445934675294,0.08264258674073369,21.444713680360717
C.A.P.II BAÑOS DEL INCA,-78.468452,-7.156113,369,0.0,0.20258265241465387,25.883589150153288
P.M. BOLIVAR,-77.7031871,-7.1543335999999975,339,0.07832175423360836,0.12122333806008087,24.27616203094268
H.II CAJAMARCA,-78.50884409999998,-7.1596125,23199,0.06105277268868136,0.5137676597467358,70.33977086575815
H.I JUANJUI,-76.7278803,-7.173149500000001,2053,0.06733179101600151,0.28766877709675115,30.257075302530943
H.I CHEPEN,-79.42882569999998,-7.2271893,10135,0.04714999419077495,0.37572454816952666,36.05984762861166
C.A.P.II GUADALUPE,-79.47601329999998,-7.245252199999999,1625,0.08168763603546213,0.08212773522327199,22.92228600582701
P.M. TEMBLADERA,-79.129784,-7.2538172,1168,0.054869450069434604,0.12149606730542907,22.771565902375933
P.M. LIMONCARRO,-79.4183427,-7.3037166,729,0.08639923446903881,0.0415295688324373,21.039649205994028
P.M. JEQUETEPEQUE,-79.56309190000002,-7.337921400000001,415,0.08970985155195682,0.021453524290220585,20.09879864197667
P.M. CONTAMANA,-75.0073022,-7.349964200000001,7205,0.09015403201449712,0.14571892825484808,24.83864318216912
P.M. CONTUMAZA,-78.8049516,-7.3666931999999985,316,0.12923076923076926,0.14166347650575806,22.870803426554136
H.I PACASMAYO,-79.565078,-7.404005099999999,2783,0.0592110533785021,0.4321131914733669,42.3895214463014
C.A.P.I SAN PEDRO DE LLOC,-79.5033042,-7.425015399999999,12306,0.06572944896115628,0.06293207986694943,21.9636234505952
C.A.P.I CASCAS,-78.8221874,-7.47996,2308,0.06910506396807765,0.06153091774659784,21.327847808071834
C.M. CAJABAMBA,-78.04522170000001,-7.620956899999999,9234,0.04986722608467352,0.283430148789318,30.08942983472505
C.A.P.I MALABRIGO,-79.4380417,-7.7036782000000015,3137,0.05278150398484967,0.042635143539454363,19.808643341373234
C.A.P.I CHICAMA,-79.4338188,-7.7001724000000005,3137,0.05278150398484967,0.06336245921304261,20.543554588755917
C.M. ASCOPE,-79.1143365,-7.7177186,46,0.3333333333333333,0.2653499201993005,19.997860903244387
P.M. PAIJAN,-79.29866679999998,-7.734248399999998,748,0.061574907669394476,0.06391049044479959,21.011066677287463
C.M. ESPECIALIZADO CASA GRANDE,-79.1901505,-7.7473402999999985,3259,0.0593658164829876,0.3349792827861338,32.883473345953675
H.II CHOCOPE,-79.22167639999998,-7.7926750999999985,806,0.12317073170731704,0.4642188396921392,49.19025044426001
C.A.P.II HUAMACHUCO,-78.03977320000001,-7.8183466999999975,3107,0.06960644855381701,0.08547717844607619,22.291675630010722
P.M. CARTAVIO,-79.2211476,-7.888932899999999,7344,0.0371614608339392,0.044599871584483884,19.193733325410864
C.A.P.II OTUZCO,-78.56703329999998,-7.913133299999997,57,0.0,0.14282275572162442,22.928573409444066
P.M. SANTIAGO DE CAO,-79.23947609999998,-7.9551186000000005,1799,0.2222222222222222,0.0611929078330872,20.711281149583797
P.M. QUIRUVILCA,-78.3095598,-8.002344899999999,2145,0.07203641768859159,0.08221514653226829,22.31036067968621
POL. EL PORVENIR,-79.0072782,-8.0746418,3197,0.0506376922220632,0.4411717942883634,44.25472046115617
C.M. HUANCHACO,-79.1212106,-8.0829664,6762,0.056005685856432126,0.06315233031349109,20.69618109274136
H.I LA ESPERANZA,-79.05527459999998,-8.075620299999999,4975,0.05308957802701937,0.4094787665252637,39.27306016269373
H.I FLORENCIA DE MORA,-79.02302840000002,-8.0830079,15204,0.0495961893099502,0.4602972560253482,48.66014776933376
C.A.P.II LAREDO,-78.9627624,-8.0819939,190,0.17023809523809524,0.12734794795651666,22.153557823534182
H.IV VICTOR LAZARTE ECHEGARAY,-79.0120577,-8.0996179,24526,0.04656711586995412,0.5505339142071979,73.11101720585839
H.I ALBRECHT,-79.0346491,-8.1115197,17543,0.07035227854582696,0.4410159020219291,43.732072093868155
C.A.P.III METROPOLITANO DE TRUJILLO,-79.01982480000002,-8.127396899999999,2781,0.09119769800462288,0.1609055878789635,25.22878657532874
POL. VICTOR LARCO HERRERA,-79.04994610000001,-8.1377197,33841,0.044810461336421636,0.1992198275311651,45.10260809266635
P.M. SANTIAGO DE CHUCO,-78.1721189,-8.146883599999999,3016,0.050621459451401306,0.1023786672006624,21.85278000460344
H.I MOCHE,-79.01260970000001,-8.167579,891,0.06320537167661425,0.40074989535069183,37.90194809734789
P.M. TOCACHE,-76.5148645,-8.189367200000001,1965,0.05627524488599631,0.2251345818109632,27.011455898281092
P.M. PAMPAS,-77.8970207,-8.195200400000001,3,0.060378241112002136,0.10140591997542464,22.357711106147846
C.A.P.I SALAVERRY,-78.97689989999998,-8.2141205,893,0.06765900922019066,0.08358809287126022,22.10171075802757
P.M. PALLASCA,-77.9990449,-8.253176700000001,3,0.08119411039161269,0.06108502866686786,22.012420342577332
P.M. CONCHUCOS,-77.8524505,-8.2660783,8,0.15032679738562096,0.12125079244012307,21.845508609555605
C.A.P.II TAYABAMBA,-77.30085059999998,-8.2769363,30,0.0,0.10311906562825864,20.920808569341265
P.M. SANTA LUCIA,-76.4466782,-8.371648700000001,4,0.0,0.22194463571919731,26.85065197084125
P.M. ALAMEDA,-74.5787893,-8.3759779,81,0.18772893772893773,0.16924642868975526,24.23708886733173
H.II PUCALLPA,-74.54635619999998,-8.390568199999999,15603,0.056821398470174776,0.5793792016671553,51.96755418880678
P.M. CABANA,-78.0045224,-8.3962963,258,0.12525252525252525,0.12131782025391465,21.93593946260572
C.A.P.I MANANTAY,-74.5629775,-8.399357,2115,0.07756167882750159,0.14707167490035994,25.121728127569366
H.I VICTOR SOLES GARCIA,-78.7521816,-8.4231047,346,0.14940476190476193,0.33089308498218817,32.97286590621182
C.A.P.I UCHIZA,-76.46199109999998,-8.4592507,10619,0.07434495329232171,0.14275346109375106,24.74242128093092
C.A.P.I CAMPO VERDE,-74.8066036,-8.474095599999998,1955,0.08496257719343181,0.10249134662043677,23.619469236813796
P.M. CHAO,-78.6772899,-8.5398035,1847,0.08021978021978024,0.0632682242558839,22.04339031607499
C.M. SIHUAS,-77.62926970000002,-8.5547681,35,0.09420289855072464,0.2232623613756248,26.917017347858206
C.A.P.II POMABAMBA,-77.45698039999998,-8.8228089,37,0.12506841817186645,0.1639514636411028,23.97577850770054
P.M. PISCOBAMBA,-77.3597194,-8.866762099999997,83,0.0,0.14174591064136674,22.874912701563858
P.M. AUCAYACU,-76.1116997,-8.928324,22201,0.055571724582289934,0.20199744862173427,42.789108908641495
C.M. COISHCO,-78.6143377,-9.0202023,1364,0.058143152997827026,0.2908183565346022,30.507976517110144
P.M. AGUAYTIA,-75.51311170000002,-9.0395314,1872,0.07715739091885884,0.10235450544228304,23.449529730259616
C.M. CARAZ,-77.81034809999998,-9.0477236,5068,0.05189675971815619,0.2854628655562877,30.20371873250525
H.III CHIMBOTE,-78.58844029999999,-9.061181199999998,27258,0.05334615377510283,0.5768738986421575,78.6807001355608
POL. VICTOR PANTA RODRIGUEZ,-78.59731289999998,-9.066942,3777,0.049610336341263335,0.1947411732466165,25.495110774679585
H.I CONO SUR,-78.5236678,-9.1245719,2266,0.07496799317187665,0.35599782667134394,33.513397453499415
P.M. YUNGAY,-77.7423469,-9.1384166,3246,0.08444272943597657,0.1418182786289521,25.13973729632685
C.A.P.II SAN JACINTO,-78.28098790000001,-9.148289,80,0.05342897492422155,0.1658865606604128,24.07130699385466
C.M. CARHUAZ,-77.6475068,-9.282454699999999,4077,0.060092613218309325,0.1842192381034533,24.975449034357194
H.I TINGO MARIA,-76.0060316,-9.3032659,2104,0.06799422290517336,0.4667313811314101,48.94362077048689
C.M. HUARI,-77.1676413,-9.3419045,625,0.07536523488758641,0.1836019132380138,26.01333880455266
P.M. SUNGARO,-75.0341535,-9.3700275,499,0.10199279711884753,0.1015536524179027,22.487902592471976
C.M. CASMA,-78.3006626,-9.471830800000001,3807,0.06920240120159549,0.2460099230997359,28.078578066583745
H.II HUARAZ,-77.53811689999998,-9.4934694,1581,0.09983193277310927,0.4730056892409321,47.64549710659284
P.M. LLATA,-76.81585340000002,-9.549971699999999,301,0.12637362637362634,0.2018130371920647,25.84539979898299
P.M. PANAO,-75.9931798,-9.8979032,428,0.05822835013064576,0.14151217135327715,23.626451508735602
C.A.P.III METROPOLITANO DE HUANUCO,-76.2445382,-9.9336317,12628,0.06047939081923564,0.2577027777288109,28.326206253008866
H.II HUANUCO,-76.2394027,-9.9372551,14854,0.04589918931041173,0.5656617860370359,50.38843015187662
C.M. HUARMEY,-78.15068240000002,-10.0664169,290,0.06623557928325971,0.2657758030653175,29.121057259720423
P.M. POZUZO,-75.55168789999998,-10.0680289,5,0.14191605495953324,0.12164479165578733,21.86546778057675
P.M. PUERTO BERMUDEZ,-74.94133610000002,-10.2928412,1862,0.10693352780703884,0.1220731845194508,22.948313215935126
H.I HUARIACA,-76.1885171,-10.444015199999999,587,0.11515679442508713,0.4300524021125309,42.29647910625111
C.A.P.II YANAHUANCA,-76.5160357,-10.4912286,43,0.12772950089126558,0.2237279060936948,26.940484017386034
P.M. CHICRIN,-76.1921395,-10.575252800000001,10,0.0,0.14219392958556076,22.897242416516868
H.I OXAPAMPA,-75.40001099999998,-10.5750237,2800,0.05765170364226972,0.4726884844400817,47.8077856604939
C.A.P.II PARAMONGA,-77.81613540000002,-10.6742959,2918,0.06554784704579504,0.1872046136451201,25.37947691216997
P.M. OYON,-76.7735488,-10.6678032,59,0.07692307692307694,0.16297074044464244,25.563172970486402
H.II CERRO DE PASCO,-76.26519750000001,-10.6861364,20315,0.09656905594405596,0.4918790551823848,63.89369804467872
P.M. ATALAYA,-73.7637708,-10.720934800000002,3421,0.10229966808914176,0.16385900296163386,24.538262706312956
C.A.P.II VILLA RICA,-75.2741089,-10.7394842,2155,0.06635122288479818,0.3043431143426159,31.033864176298742
C.A.P.III PEDRO REYES BARBOZA,-77.76003159999998,-10.7545395,16044,0.056606792086024975,0.3359672050667862,33.03815841215834
P.M. COLQUIJIRCA,-76.2638427,-10.755150800000001,2,0.07182729551150603,0.18348686443002624,25.740341555530485
P.M. PAUCARTAMBO,-75.737149,-10.759954400000002,1,0.0,0.1219510655849982,21.880977743700168
C.M. PAUCARTAMBO.,-75.737149,-10.759954400000002,1,0.0,0.2018035945879502,25.84493133624725
C.A.P.I PICHANAQUI,-74.8745545,-10.926581500000001,1974,0.0713546371574827,0.14224477205832636,24.51202683974447
C.A.P.II HUAYLLAY,-76.3651756,-10.9996208,361,0.3333333333333333,0.20312854920423706,19.710156469093643
P.M. HUARON,-76.36566850000001,-11.000230499999999,2614,0.06320141211445557,0.14122573341219066,23.930228027751838
H.II GUSTAVO LANATTA LUJAN,-77.6088697,-11.1135243,5902,0.06382798811187261,0.5429650602147811,36.47882813455908
C.A.P.II SAYAN,-77.2000542,-11.1348902,56,0.0,0.2288380606886993,27.19880385958615
H.I RIO NEGRO - SATIPO,-74.65907279999998,-11.208438099999999,5,0.21666666666666667,0.26527807768290657,29.09432077868812
P.M. SAN PEDRO DE CAJAS,-75.8577528,-11.2493815,663,0.09880730933362514,0.12104974598731398,23.410625658313048
C.A.P.II JUNIN,-75.34121789999998,-11.335797999999999,0,0.0,0.14292711614649822,22.933771968359697
P.M. CORPACANCHA,-76.2196665,-11.3628436,60,0.1636363636363636,0.1011378415694048,20.82066863521242
H.I TARMA,-75.6874886,-11.397175599999999,3,0.20909090909090908,0.2884041161477481,30.370238274124823
P.M. IBERIA,-69.4904811,-11.410309199999999,969,0.12245276653171387,0.16309888709650475,23.933676831327574
C.A.P.III HUARAL,-77.21321139999998,-11.5031049,10374,0.05897906310002893,0.3019207580583184,31.154764429348802
C.A.P.II CHANCAY,-77.27012140000002,-11.562273699999999,8886,0.07787079272928328,0.19656025198319935,26.53879046561588
C.A.P.II MOROCOCHA,-76.14047140000002,-11.598508,23,0.0,0.18175834440007574,24.854066531594217
P.M. MARH TUNEL,-76.047894,-11.6284591,12,0.0,0.14138906782641958,22.857122853258154
C.M. CASAPALCA,-76.23777319999998,-11.6529936,7,0.0,0.18320907601116374,24.92561873163485
P.M. ANDAYCHAGUA,-76.01180759999998,-11.743077900000001,13,0.26666666666666666,0.14114243479981162,23.871858935177112
P.M. PACHACAYO,-75.71347589999998,-11.770568199999998,20,0.14895080839353286,0.16131322702350784,23.845468598415117
POL. JAUJA,-75.4869033,-11.780623599999998,1675,0.07550187173474847,0.16505212640227654,25.514830501972277
C.A.P.III PUENTE PIEDRA,-77.0801015,-11.8628636,11317,0.06986898689868985,0.221936886853156,26.850261956072057
C.A.P.III HNA MARIA DONROSE SUTMOLLER,-77.1243942,-11.8865243,6293,0.13518836160345593,0.3670028677829158,35.64202927089259
C.A.P.III CARABAYLLO,-77.03840840000002,-11.8968398,11501,0.050984828757366936,0.3011010820164893,30.853021732364404
C.M. CONCEPCION,-75.318405,-11.922403599999999,1172,0.08214348669134497,0.12374156259792166,24.655438954453665
POL. CHOSICA,-76.69957190000002,-11.9384942,4023,0.06679974208064095,0.3296844400277758,32.29388211622405
H.I MARINO MOLINA SCIPPA,-77.05783220000002,-11.943582800000001,10220,0.03799883652219231,0.5511584168009072,46.40868931535095
POL. IPRESS CLINICA UNIVERSITARIA,-77.059539,-11.9514079,6994,0.059949826034644216,0.22436746272766173,26.972739612190516
POL. IPRESS SAN MIGUEL ARCANGEL,-77.0104022,-11.972208,15328,0.054871643995847916,0.29866035871260604,30.962422205933205
H.I AURELIO DIAZ UFANO Y PERAL,-76.9955667,-11.968477900000002,15326,0.04755876180765725,0.5649824122397699,50.38363618366313
C.A.P.III INDEPENDENCIA,-77.0613238,-11.9926853,5110,0.06589582756043696,0.35178259454525584,33.65501377332807
C.A.P.III LUIS NEGREIROS,-77.0980445,-12.0156194,16402,0.059995431703974415,0.1490397486136436,23.966805477708338
H.II LIMA NORTE-CALLAO LUIS NEGREIROS VEGA,-77.0980445,-12.0156194,16402,0.059995431703974415,0.4544610122502869,47.04286251132885
POL. FIORI,-77.05926889999998,-12.0099265,5934,0.0999407302038881,0.3892732986229657,36.66105239492295
C.A.P.III HUAYCAN,-76.8299031,-12.009876,119,0.052921990685454966,0.3241975422979986,32.50568786711232
H.III CAYETANO HEREDIA,-77.05501989999998,-12.0225013,34441,0.0630824649179464,0.5428927681413278,82.02295075353119
C.A.P.III ZARATE,-76.994518,-12.023496699999999,15331,0.08001900190019003,0.3188057626102036,31.091095655508134
H.II VITARTE,-76.92374989999998,-12.027027499999999,3004,0.07454168228971378,0.4660482195074166,49.00748140869245
POL. FRANCISCO PIZARRO,-77.0351271,-12.037017500000001,12399,0.057278799026276764,0.3287457205212258,31.580482188723344
H.III ALBERTO LEOPOLDO BARTON THOMPSON,-77.10768709999998,-12.048783300000002,8543,0.04843516620730436,0.5830265161844497,33.96161897894486
POL. ALBERTO LEOPOLDO BARTON THOMPSON.,-77.10768709999998,-12.048783300000002,8543,0.04843516620730436,0.2534931671826417,28.468911215792403
H.II RAMON CASTILLA,-77.04399430000002,-12.0446089,21987,0.05259997391174714,0.5296144806287745,67.56711759245293
C.A.P.III EL AGUSTINO,-76.99819529999998,-12.045174099999999,6104,0.08828767850506979,0.2818860117832333,29.62600898216664
H.I JORGE VOTO BERNALES CORPANCHO,-76.94738079999998,-12.0472733,8831,0.11684981684981685,0.5349930253922262,37.807159187249454
H.II SAN ISIDRO LABRADOR,-76.9479233,-12.046271899999999,8831,0.11684981684981685,0.1471064139941691,23.17836816246436
C.A.P.II CHUPACA,-75.2858208,-12.0561522,826,0.0974996381531336,0.20601601949545725,26.054148765439177
H.N. RAMIRO PRIALE PRIALE,-75.22874499999998,-12.0519695,7635,0.04247294290977816,0.5526040314153624,36.32048394294879
POL. METROPOLITANO HUANCAYO,-75.22752159999997,-12.0529245,7635,0.04247294290977816,0.34764357031512355,34.14053127846193
H.N. ALBERTO SABOGAL SOLOGUREN,-77.12243559999997,-12.0641753,12965,0.10703542595426616,0.642210794336391,50.319560046492846
H.I OCTAVIO MONGRUT MUÑOZ,-77.09452579999999,-12.0658858,24735,0.059812119650236466,0.5276489982949137,73.53603452262115
C.M. ANCIJE,-77.03982490000001,-12.0590827,44263,0.049975795855328346,0.26369091595618954,52.68704562130957
H.III HOSP. DE EMERGENCIAS GRAU,-77.03125250000002,-12.058854199999999,22132,0.05378581250140885,0.6179222336476589,68.88224015235103
H.N. GUILLERMO ALMENARA IRIGOYEN,-77.02238179999998,-12.0585903,22471,0.06612812175405319,0.7309675681868297,75.15090764737377
P.M. CONSTRUCCION CIVIL,-77.0232475,-12.0654989,22471,0.06612812175405319,0.06499218127345274,30.101583920555086
H.I CARLOS ALCANTARA BUTERFIELD,-76.945527,-12.061822900000001,7664,0.05587706361503659,0.5097737229477264,40.618103054859745
C.A.P.III MANTARO,-75.2047755,-12.061962199999998,24816,0.04933069239396344,0.22265463224871487,49.115387059681495
C.M. LEONCIO PRADO,-77.11843329999998,-12.0755423,24799,0.04848312494577423,0.20608858843510544,48.17083960544355
C.A.P.III METROPOLITANO DEL CALLAO,-77.1177282,-12.0670123,24799,0.04848312494577423,0.2351343689357587,49.82403085304199
C.A.P.III METROPOLITANO,-77.1177282,-12.0670123,24799,0.04848312494577423,0.2743647391216482,52.05256011335558
POL. PABLO BERMUDEZ,-77.0383208,-12.072353199999998,44096,0.06325398252633788,0.3912221580269227,66.7819466371917
C.A.P.III GAMARRA,-77.0169256,-12.070416400000001,22048,0.053589185412131486,0.3221321354038966,49.55170277698365
POL. SAN LUIS,-76.99198249999998,-12.073227699999999,16691,0.046083418314902,0.35304322760696205,34.42061768559209
C.A.P.III IPRESS JESUS MARÍA,-77.04352890000001,-12.0750295,22193,0.06390424840935444,0.315808739164858,49.44775701140764
H.N. EDGARDO REBAGLIATI MARTINS,-77.04044250000003,-12.078715800000001,22230,0.07244646907315573,0.910871212121212,81.54414458201303
C.A.P.III IPRESS MAGDALENA,-77.06728309999998,-12.0905112,22471,0.056249109813416916,0.3064379935445257,49.464607781368194
P.M. LA QUEBRADA,-77.04986729999997,-12.0860043,22471,0.06285049670390043,0.0212041161743171,19.819041820262967
C.A.P.III ALFREDO PIAZZA ROBERTS,-77.0277411,-12.086639100000001,14306,0.05296408835664387,0.3366281892892792,32.61146059615249
C.M. CALCA,-75.1992944,-12.0861015,5464,0.051274138512423635,0.2443239326320575,27.991275612517036
C.A.P.II CHILCA,-75.19904050000002,-12.0864385,5464,0.051274138512423635,0.15217677236390845,23.53144363756114
P.M. SAN ISIDRO,-77.05352309999998,-12.1084864,8988,0.05323984501937257,0.02103541682651928,19.0970418513207
C.A.P.III SAN ISIDRO.,-77.05352309999998,-12.1084864,8988,0.05323984501937257,0.2159819682405934,26.551338153428517
C.A.P.III SURQUILLO,-77.0206474,-12.1044303,19781,0.05377092191596237,0.226373843582452,35.9501850910322
POL. IPRESS SUIZA LAB,-77.03149659999998,-12.113525099999999,22193,0.055052077571083116,0.2264186707786772,43.98151981489434
H.III SUAREZ-ANGAMOS,-77.02816159999998,-12.113400599999999,22193,0.055052077571083116,0.5743874378564081,68.06446660381681
POL. CENTRAL DE PREVENCION LARCO,-77.02937539999998,-12.125485699999999,22171,0.06351407254462653,0.1807443067091188,42.17043263448949
C.A.P.III IPRESS BARRANCO,-77.01874839999998,-12.147307000000001,22352,0.055316820583996174,0.2100356426179952,43.56605274671253
POL. PROCERES,-76.98853670000003,-12.1507384,10014,0.07548148046994138,0.35590533800687296,33.48093002462671
C.A.P.III SAN JUAN DE MIRAFLORES,-76.96966570000002,-12.1644871,16320,0.05018091862354157,0.25872448196719866,28.744791910425473
POL. JUAN JOSE RODRIGUEZ LAZO,-77.00464129999997,-12.1783831,8478,0.06933697881066299,0.3864555296875922,36.18647267742768
H.III GUILLERMO KAELIN DE LA FUENTE,-76.94027299999998,-12.1774727,24727,0.044916166743577915,0.5567029517552663,73.51979339031467
POL. GUILLERMO KAELIN DE LA FUENTE.,-76.94027299999998,-12.1774727,24727,0.044916166743577915,0.2788653661840645,52.21466302704139
H.II ALBERTO HURTADO ABADIA,-77.013336,-12.192294699999998,2930,0.061313335833020864,0.4515094608527716,46.29380095532196
POL. IPRESS VILLA SALUD,-76.93180290000002,-12.20396,12716,0.05953183014544471,0.22180065354925246,27.75081862985806
C.M. SAN JUAN,-75.389241,-12.2014344,253,0.10510785510785513,0.3083844600628491,31.490051009443555
H.I ULDARICO ROCCA FERNANDEZ,-76.93207650000002,-12.2111556,11439,0.0503400729281869,0.5120273825756396,50.31265740186748
C.A.P.II LURIN,-76.88403199999998,-12.2526278,1320,0.12083333333333332,0.2510914930080094,28.343110507495748
H.I VICTOR ALFREDO LAZO PERALTA,-69.19883540000001,-12.5813539,3344,0.0477128935634866,0.4493707204184345,46.00678789087101
P.M. COBRIZA,-74.3719431,-12.5930355,0,0.16666666666666666,0.10141001209803736,20.83439693012739
C.M. MALA,-76.63024250000002,-12.661562599999998,3768,0.0683038247644989,0.2466014000695944,28.109258813972392
C.A.P.I CHURCAMPA,-74.3871012,-12.7396025,2743,0.06893975640670509,0.1622137997750086,24.951485710222805
H.II HUANCAVELICA,-74.9890025,-12.7832573,1591,0.09291547835105007,0.5238109500042232,38.17315875751723
C.A.P.I ECHARATE,-72.59468310000003,-12.775618199999998,2,0.12540849673202614,0.1213949729824213,21.93085404899178
P.M. ACOBAMBA,-74.569682,-12.8435129,9004,0.07681159420289856,0.14297028466061587,24.93135318061209
H.I QUILLABAMBA,-72.6919814,-12.868355000000001,1939,0.05411248640838883,0.4306717425632674,42.28307432652023
P.M. YAURICOCHA,-75.28304299999998,-12.905619999999999,643,0.0,0.12182387717933553,21.87453737189367
C.A.P.II HUANTA,-74.2404429,-12.938899000000001,936,0.10490786352855318,0.1849616410690897,25.01207569884463
C.M. LIRCAY,-74.72129319999998,-12.9900305,5104,0.08806791965301916,0.2520980059344293,28.39576915683293
C.A.P.II HUYRO,-72.5554068,-13.007402800000001,785,0.10901960784313727,0.08201475282223814,21.36230068502951
H.II CAÑETE,-76.38009670000002,-13.075486199999999,8471,0.095364010989011,0.4653046126863613,49.15558798632973
P.M. MAZUCO,-70.3682625,-13.0974726,1,0.1210733868136024,0.14140230729520714,22.857782957448116
C.M. MACHU PICCHU,-72.5449629,-13.163141199999998,1,0.0,0.10139985944189804,20.833884666568
H.II CARLOS TUPPIA GARCIA GODOS,-74.2011016,-13.1752959,3267,0.040961116726811214,0.5061694358637635,41.50879012223836
P.M. CASTROVIRREYNA,-75.3157351,-13.279301199999999,6,0.16666666666666666,0.1825217684458528,24.89171824897929
H.I URUBAMBA,-72.1156281,-13.305764100000001,882,0.07541754596246493,0.34648709391826416,32.87505505443009
C.A.P.II PUEBLO NUEVO,-76.13527420000001,-13.395466199999998,2780,0.048480551706358135,0.1486383277608908,23.269531421773046
C.A.P.II CHINCHEROS,-72.0514291,-13.3964033,132,0.07883870148021087,0.2020451683438404,26.749694039855264
H.II RENE TOCHE GROPPO,-76.13290129999999,-13.424594899999999,3785,0.06599393949475454,0.4822338965193402,45.32053208668167
C.A.P.I TAMBO DE MORA,-76.18706809999998,-13.4733198,37,0.0,0.10290434469161848,20.90993251586828
H.N. ADOLFO GUEVARA VELASCO,-71.9597694,-13.5254125,20463,0.042628720231262254,0.5669716346360598,65.25513083895501
P.M. SAN GABAN,-70.3836815,-13.532279800000001,0,0.0,0.1021730121434277,20.872931057887726
P.M. CURAHUASI,-72.6991752,-13.539007000000002,1221,0.05955467753220561,0.10170118113108796,22.321264428747316
POL. SAN SEBASTIAN,-71.90866949999999,-13.5339843,204,0.06909842053555686,0.27466608509109325,29.60358277703951
P.M. CANGALLO,-74.1952511,-13.5574851,1373,0.07922637139962367,0.06196189642233114,21.92947810043412
C.A.P.I HUAYTARA,-75.3532422,-13.6040212,161,0.10266585266585268,0.1623362787074028,24.47158121706733
H.II ABANCAY,-72.896801,-13.641832999999998,611,0.14130434782608695,0.5082254258581049,41.479443313295114
P.M. VILCASHUAMAN,-73.9521468,-13.6541087,1208,0.0736924133829606,0.06193238615495614,21.602695209542926
H.I ANDAHUAYLAS,-73.37676409999997,-13.661651500000001,1901,0.08442176870748297,0.4564459423816588,47.252066000771364
C.M. URCOS,-71.62283550000002,-13.6824359,15,0.0,0.22305155635872587,26.906394815390634
C.A.P.I VILLA TUPAC AMARU,-76.15211490000002,-13.7138414,4984,0.06480382637465386,0.08294562509579158,21.91078086844722
H.I ANTONIO SKRABONJA ANTONCICH,-76.196945,-13.7179733,802,0.06396347363328495,0.5110988516000228,40.15962138382553
P.M. HUANCAPI,-74.06673020000002,-13.754302599999999,235,0.09566596194503173,0.06176132844361418,21.321735349392803
C.A.P.I HUANCASANCOS,-74.3360203,-13.9220184,1546,0.06271031446347015,0.0617398388318291,20.989724672807263
C.A.P.I CHAVALINA,-75.67094990000002,-13.933381599999999,86,0.11318609312365092,0.061494925112222626,20.405153124835596
C.A.P.II COTABAMBAS,-72.17518630000002,-13.946330599999998,934,0.08748196248196248,0.16173988198868355,25.53415561417482
P.M. QUEROBAMBA,-73.8183804,-13.989166199999998,0,0.0,0.06240644821443945,18.968472142508386
C.A.P.II LA TINGUIÑA,-75.7051647,-14.0393995,8703,0.04746541058695758,0.2476865679052079,28.16562170045661
C.M. ACOMAYO,-71.57240829999998,-14.034572099999998,2283,0.06969935555361152,0.16134023693637445,24.980134693750554
H.IV AUGUSTO HERNANDEZ MENDOZA,-75.73808840000002,-14.065578599999998,20657,0.06322409698787654,0.4968992537827388,64.72234922238864
H.I FELIX TORREALVA GUTIERREZ,-75.7267897,-14.071607199999999,10724,0.05217461218890127,0.5140142621939079,50.310376758349854
P.M. CHUQUIBAMBILLA,-72.70612309999999,-14.102831699999998,594,0.0,0.1420336142723412,22.889252849229713
C.A.P.II SANTA MARGARITA,-75.7144801,-14.1941139,6,0.10390869293308318,0.2691310143209142,29.30203542368674
H.I SICUANI,-71.2220832,-14.2713299,572,0.18333333333333326,0.4531091938961314,40.49080722211934
C.A.P.II CHALHUANCA,-73.25491070000002,-14.290925199999998,26,0.09792780748663099,0.1818361360879216,25.316469197877552
C.A.P.I ANTABAMBA,-72.87858299999998,-14.364746799999999,324,0.07454679985201629,0.12138974079267527,24.01358902964277
C.A.P.I PALPA,-75.18080350000002,-14.5340655,80,0.3333333333333333,0.16213309090969946,19.033086822499154
C.A.P.II PUQUIO,-74.11922209999999,-14.6910554,1911,0.0865393061045235,0.22351016019744427,27.153112054369814
H.I ESPINAR,-71.405896,-14.787947599999999,2439,0.050729349457465565,0.4078741993922035,39.14673336113643
C.A.P.I ASILLO,-70.35347800000001,-14.786157199999998,29,0.06511994072427528,0.08162736633799947,21.878286322365387
C.A.P.II NASCA,-74.9327583,-14.8358687,114,0.05446157880933647,0.2496053325586749,28.265519829578857
H.I MARIA REICHE NEUMAN,-74.96073759999999,-14.854662099999999,72,0.14064102564102562,0.3720343301845427,36.06609143276874
C.M. AYAVIRI,-70.58896120000001,-14.884294199999998,2354,0.08514850466905259,0.2257505197549031,27.31626589853746
POL. AZANGARO,-70.19762220000001,-14.912630300000002,6066,0.05473032714412024,0.2651605447817857,29.08801130083405
C.A.P.I CORACORA,-73.78014470000002,-15.0163124,1557,0.06822482248224823,0.14229017030825045,24.296952081273616
P.M. HUANCANE,-69.76206690000001,-15.2003298,1456,0.05942139273322927,0.2635387752649757,29.001107436619122
H.I LAMPA,-70.3692863,-15.361102599999999,26,0.0874404421574233,0.3221484246233632,31.41565502142932
P.M. ACARI,-74.6180833,-15.438456500000001,437,0.09171945701357463,0.10136763583356824,23.118256263033143
P.M. CARAVELI,-74.6169402,-15.434192800000002,437,0.09171945701357463,0.08122824301384042,22.31658706730142
H.III JULIACA,-70.1638135,-15.493537300000002,122,0.05689607517965727,0.5323350630410729,37.7985895140668
POL. JULIACA.,-70.11309920000001,-15.5193245,98,0.06962250016285584,0.3297276273771381,32.17370384023108
C.A.P.I CHIVAY,-71.60204379999998,-15.638845499999999,1515,0.04411375661375663,0.1016271873584696,21.491501358993137
C.A.P.II CABANILLAS,-70.34938000000001,-15.642600400000001,339,0.12099567099567099,0.18306052356760075,24.9182913497421
P.M. CHUQUIBAMBA,-72.6532936,-15.840380900000001,1034,0.051681383438808716,0.08143332398034067,21.143805741466835
H.III PUNO,-70.02188050000001,-15.8402218,8264,0.04848020387434535,0.4710469939636829,48.31378375082377
P.M. CHALA,-74.2560806,-15.8468141,1259,0.052113852774217186,0.0812605901188517,21.159600288452314
POL. METROPOLITANO DE PUNO,-70.025733,-15.842703,5166,0.05307889806843852,0.2692316337319617,29.307483265734394
C.A.P.II ACORA,-69.8004455,-15.970665400000001,182,0.13752913752913756,0.20208737159207776,25.85901093669134
C.A.P.I EL PEDREGAL,-72.0148928,-16.016251699999998,5,0.10952380952380952,0.12570196910931886,22.920757648919253
C.M. APLAO,-72.4879444,-16.0710704,50,0.11812865497076025,0.2628481763021477,28.964188806086373
POL. ILAVE,-69.6384724,-16.0825395,4297,0.0576794945013106,0.16357471823369205,24.239550821304913
P.M. JULI,-69.46202,-16.215239999999998,1542,0.07093309062487145,0.14280849250495314,24.500661614672897
P.M. CORIRE,-72.4709341,-16.223463199999998,630,0.0998298355076574,0.10156113498714513,22.617366353878314
P.M. ATICO,-73.6118017,-16.2265215,1073,0.06612308697275103,0.08145091595166444,21.929240826297843
P.M. YUNGUYO,-69.0907993,-16.2460645,4201,0.05997467896545487,0.1425902627071882,23.768175017358555
P.M. CONO NORTE,-71.5625341,-16.3623503,58,0.0926527494480958,0.06131919392785031,21.473207569807013
C.A.P.III ALTO SELVA ALEGRE,-71.52664519999998,-16.3815149,12318,0.044677393750577096,0.2351156883912921,27.51815778260537
H.III YANAHUARA,-71.54444759999998,-16.397038000000002,17065,0.043798528224490985,0.6663958583781702,65.3598431530664
H.N. CARLOS ALBERTO SEGUIN ESCOBEDO,-71.5292788,-16.394878,35924,0.0791727523531321,0.5830787986138029,81.17951547707986
C.A.P.III PAUCARPATA,-71.48728779999998,-16.409949599999994,3366,0.06962849449030932,0.08674763111975499,22.34287830432434
H.I EDMUNDO ESCOMEL,-71.5087324,-16.4170798,3366,0.052421265179730836,0.5408284665029834,37.090538412203216
C.A.P.III MELITON SALAS TEJADA,-71.53035059999998,-16.4390253,3366,0.052916766181036565,0.2896777561334721,30.442781269937658
C.A.P.II HUNTER,-71.5548355,-16.445478400000002,2984,0.044822911140433214,0.12570755230063554,22.362338359475967
P.M. VITOR,-71.93692970000002,-16.466225899999998,326,0.0,0.10119949520248607,20.82377765172871
P.M. SANTA RITA,-72.0948819,-16.493969099999994,648,0.11067323481116584,0.10155626702195117,21.99499113476682
C.A.P.I DESAGUADERO,-69.04039499999999,-16.5631251,1623,0.09335142469470828,0.14182896226038286,24.484063122186864
P.M. OMATE,-70.971972,-16.672609599999998,256,0.10034665207079,0.1221335601366502,23.351665031679403
P.M. MATARANI,-72.10014340000002,-17.0054057,17,0.12225274725274725,0.14242442355240995,22.908728071822484
H.II MANUEL DE TORRES MUÑOZ,-72.0151576,-17.019567499999994,34383,0.06257861635220127,0.4514201037771629,78.39160203421962
P.M. CHUCARAPI,-71.7184977,-17.0677552,5,0.09751344086021503,0.14235782600034866,24.215384656087952
C.A.P.II TORATA,-70.8432115,-17.075957100000004,348,0.10023616734143052,0.08226074769674918,21.853632132918683
H.II MOQUEGUA,-70.95415320000002,-17.194668399999998,462,0.10680547522652788,0.5508427599119458,36.010997842992026
C.A.P.I ILABAYA,-70.5127345,-17.420402300000006,16,0.15555555555555553,0.08144253520092941,19.852522928790115
C.A.P.I TARATA,-70.032524,-17.474394699999998,479,0.08167578035999086,0.06158468759731904,22.06260687466825
P.M. LOCUMBA,-70.7629369,-17.614459,580,0.09926720556017228,0.06157143261589775,21.117862068385932
H.II ILO,-71.3428317,-17.6423178,7141,0.0676664605236034,0.5411408654402929,36.488562294620486
H.III TACNA DANIEL ALCIDES CARRION,-70.203839,-17.9795332,58,0.2708333333333333,0.4736511352060436,24.636719449339985
C.A.P.II OSCAR FERNANDEZ DAVILA VELEZ,-70.2442628,-18.0027194,14757,0.044911762700422665,0.1496251708556368,23.993743226270496
C.A.P.III METROPOLITANO DE TACNA,-70.25098050000001,-18.0135031,21519,0.052157303293584964,0.25508175418817963,43.683072232825175
C.A.P.II LUIS PALZA LEVANO,-70.2529717,-18.0396924,2129,0.03976108859659197,0.2299126793517379,27.25330633146182
