pixel_ID,LON,LAT,POPULATION,utm_e,utm_n,intersection_count,street_length_avg,street_length_total,streets_per_node_avg,betweenness_centrality_avg,closeness_centrality_avg,clustering_coefficient_avg
64558,-72.67083333333309,-2.45416666666666,772,759013.3708636806,9728513.651761573,2,154.156,462.468,2.0,0.25,0.0048354098325844525,0.0
173222,-80.270833333333,-3.49583333333332,3793,580990.2076458875,9613569.14371905,127,91.92840404040398,18201.823999999986,3.3863636363636362,0.05233900959091801,0.0014951973858195085,0.010353535353535353
182945,-80.445833333333,-3.57916666666665,8075,561546.3589846711,9604370.798608623,108,81.8719814814815,13263.261000000002,2.8046875,0.061902418447693994,0.0016163363332268041,0.016927083333333332
186855,-80.4791666666664,-3.612499999999992,947,557842.1164850264,9600688.334347105,27,77.22445238095237,3243.4269999999997,2.870967741935484,0.11082684464219505,0.003620734352929434,0.026881720430107524
195703,-80.6791666666663,-3.687499999999991,696,535627.484307921,9592408.393291354,5,165.0497142857143,1155.348,2.25,0.24999999999999997,0.0024969875357075955,0.0
201363,-73.2458333333331,-3.72916666666665,31013,694814.6737536279,9587615.18605055,108,88.00093209876547,14256.151000000007,3.3063063063063063,0.06107341703671979,0.001567844398760707,0.0
203359,-73.2541666666664,-3.74583333333332,31013,693885.2396961296,9585773.92568383,80,106.32027868852461,12971.074000000002,3.55,0.07910783836416746,0.0011192130984599567,0.0125
206352,-73.28749999999971,-3.77083333333332,11440,690176.8442725057,9583016.62614933,50,114.67412000000002,8600.559000000001,2.783333333333333,0.09333722969023962,0.0013975922958859614,0.05555555555555556
224364,-70.5124999999997,-3.91249999999998,1343,332066.7927788289,9567393.182061456,35,103.73064912280702,5912.647,3.0,0.10656213704994195,0.00183584862241085,0.01984126984126984
299977,-73.5791666666664,-4.50416666666665,2943,657634.2137852218,9501990.449154437,47,118.98075999999996,8923.556999999997,3.2745098039215685,0.09642256902761104,0.0015551050306288458,0.07843137254901962
307378,-81.270833333333,-4.57083333333332,12432,469958.1294205886,9494769.17367424,115,68.80486309523813,11559.217000000006,3.0725806451612905,0.07711968975850517,0.001512344855814707,0.006720430107526881
311784,-77.8624999999997,-4.60416666666665,2,182365.09612301702,9490452.94246329,2,371.94100000000003,743.8820000000001,2.3333333333333335,0.3333333333333333,0.002210677532163536,0.0
315754,-79.71249999999971,-4.6374999999999815,4738,642812.5520997974,9487275.936666464,65,74.97951923076923,7797.87,2.945945945945946,0.07703422600682877,0.002638113032375419,0.024774774774774775
317929,-78.145833333333,-4.65416666666665,2,816687.1745530856,9484922.967156274,0,0.0,0.0,0.0,0.0,0.0,0.0
341168,-80.870833333333,-4.845833333333308,3345,514321.9953198382,9464375.648442298,43,107.95487878787877,7125.021999999999,2.7058823529411766,0.082625050020008,0.0022217961232911644,0.0
348182,-80.6874999999997,-4.90416666666665,8577,534647.1412499975,9457920.880980976,165,76.69598161764705,20861.306999999997,3.382857142857143,0.04781248516947141,0.0014530525073085533,0.02380952380952381
351232,-80.33749999999971,-4.92916666666665,7734,573450.4629895911,9455129.014929576,109,71.84543274853799,12285.568999999996,3.2672413793103448,0.06832636313422238,0.0017898378132629297,0.02298850574712644
367583,-78.33749999999971,-5.0624999999999805,4,795226.8641387998,9439821.412180927,8,135.27386666666666,2029.108,2.2857142857142856,0.19780219780219777,0.0030410199530162114,0.07142857142857142
372396,-80.1541666666664,-5.10416666666665,1604,593752.7067744014,9435759.690236913,26,67.98684615384617,2651.4870000000005,3.0,0.11156723225688742,0.0040561325627639895,0.0
377547,-79.0041666666664,-5.145833333333309,7080,721241.471483698,9430869.755650196,121,75.14098378378378,13901.081999999999,3.185483870967742,0.05820360028031796,0.0017589396430042754,0.006720430107526881
381328,-80.6541666666664,-5.17916666666665,1396,538326.7538819982,9427520.396359043,92,89.19320312499997,11416.729999999996,3.1578947368421053,0.06836445953593664,0.0014389026228487224,0.0256140350877193
381410,-79.97083333333299,-5.17916666666665,31,614062.1140138389,9427438.356286978,55,77.95387096774192,7249.709999999999,3.125,0.07630888376856118,0.002317692582236162,0.048437499999999994
383324,-80.6374999999997,-5.195833333333309,26522,540172.7962869551,9425677.010491699,135,83.56098484848484,16545.074999999997,3.3970588235294117,0.05236399700842193,0.001192084164886837,0.011029411764705883
386321,-80.620833333333,-5.220833333333308,10527,542018.1873274762,9422912.388126504,112,92.2827873563218,16057.204999999994,3.26890756302521,0.05812537966077346,0.0015977683675691984,0.0196078431372549
389305,-80.6541666666664,-5.24583333333331,579,538322.7127159811,9420150.98293592,86,63.659724637681144,8785.041999999998,2.919191919191919,0.06649495162013572,0.002216084231110848,0.013468013468013467
392281,-80.670833333333,-5.270833333333309,3844,536474.3593216034,9417388.448254114,124,79.741555,15948.311000000002,3.13768115942029,0.05444194497856267,0.0015233227400062023,0.014492753623188404
405159,-79.6041666666664,-5.37916666666665,1316,654656.9661371494,9405246.317057598,23,67.8213157894737,2577.2100000000005,3.076923076923077,0.10064102564102566,0.006207139921314059,0.21153846153846154
406144,-79.47083333333299,-5.387499999999981,22,669431.1796950995,9404289.460519068,0,0.0,0.0,0.0,0.0,0.0,0.0
407924,-80.745833333333,-5.40416666666664,4094,528157.6018850214,9402653.57100918,134,75.72068949771689,16582.831,3.288732394366197,0.05056687643592047,0.0017186992656851637,0.011737089201877934
407925,-80.7374999999997,-5.40416666666664,625,529080.8082329854,9402653.178977134,43,103.39892753623184,7134.525999999997,3.3333333333333335,0.08335260561208761,0.0022685785077825307,0.01736111111111111
426061,-80.820833333333,-5.562499999999981,4886,519843.5390902101,9385154.25014319,166,69.73444705882355,17782.284000000003,3.3195266272189348,0.04970532308164733,0.00168412224142516,0.010848126232741617
443322,-78.8041666666664,-5.712499999999981,26020,743194.6607993881,9368112.114375513,222,68.01364305177118,24961.007000000023,3.3728813559322033,0.0482317278025897,0.001299414216160103,0.03248587570621468
463277,-77.6041666666664,-5.887499999999981,0,211641.95222686394,9348558.86165799,0,0.0,0.0,0.0,0.0,0.0,0.0
465370,-76.1124999999997,-5.90416666666664,4827,376851.2986432474,9347266.044760983,84,95.01248818897636,12066.585999999998,3.10752688172043,0.06352716941777246,0.001723627399587964,0.005376344086021506
469926,-77.9791666666664,-5.94583333333331,1241,170118.44536473326,9341894.117749546,33,97.86548076923074,5089.004999999998,3.1666666666666665,0.1024276377217554,0.0025636624023209703,0.08333333333333331
470007,-77.3041666666664,-5.94583333333331,8968,244906.37515792696,9342251.572704673,39,145.20043333333336,8712.026000000002,3.3255813953488373,0.09718283229343921,0.0017465460079837463,0.0
474491,-79.745833333333,-5.987499999999981,5143,638811.9915939461,9338018.71497019,94,90.21941249999995,14435.105999999992,3.4313725490196076,0.05934090467870318,0.0017555679787525976,0.004901960784313725
484289,-77.170833333333,-6.07083333333331,6096,259729.71045266872,9328483.799083645,66,106.59115238095232,11192.070999999994,3.232876712328767,0.07917443779878662,0.0014083630866618194,0.03881278538812786
486964,-78.420833333333,-6.09583333333331,904,785479.5626066023,9325519.113252385,35,74.13703174603172,4670.632999999999,2.7872340425531914,0.09117072669339091,0.003046928010820367,0.0425531914893617
491690,-77.9541666666664,-6.137499999999981,1486,173004.34430079992,9320693.955652284,67,109.93238834951453,11323.035999999996,3.4029850746268657,0.0747173224785165,0.0017437887222104655,0.06965174129353234
493335,-79.71249999999971,-6.15416666666664,1630,642458.1482268262,9319581.85353476,77,86.63258400000004,10829.073000000004,3.211764705882353,0.06926698390199452,0.001833107187427592,0.01764705882352941
500892,-78.2374999999997,-6.22083333333331,1,805715.4948033211,9311584.849744923,0,0.0,0.0,0.0,0.0,0.0,0.0
518121,-78.820833333333,-6.37916666666664,5968,741052.3338182062,9294371.721247837,95,78.68510828025478,12353.562,3.323529411764706,0.05746165793049892,0.0020173804474936208,0.060457516339869274
519789,-79.820833333333,-6.39583333333331,862,630409.5229985763,9292889.329766292,33,88.98592452830188,4716.254,2.925,0.1011808367071525,0.0027225650444141704,0.020833333333333332
520069,-77.4874999999997,-6.39583333333331,1107,224829.99983877974,9292373.11551225,45,111.05428985507247,7662.746,3.0961538461538463,0.09144796380090497,0.0017332950370692124,0.0
522861,-76.5124999999997,-6.42083333333331,3639,332726.25940950913,9290028.287738543,43,101.31584615384615,6585.53,3.0408163265306123,0.11144883485309016,0.0018387933049067034,0.06462585034013606
528167,-76.370833333333,-6.47083333333331,1451,348411.71191105264,9284543.63741552,27,123.76560526315791,4703.093000000001,3.142857142857143,0.1252035002035002,0.0017453142221661166,0.05952380952380952
532950,-79.84583333333299,-6.52083333333331,275,627612.9660585229,9279074.840221088,0,0.0,0.0,0.0,0.0,0.0,0.0
537345,-78.66249999999971,-6.56249999999997,216,758482.5667181885,9274011.953222577,0,0.0,0.0,0.0,0.0,0.0,0.0
544625,-79.795833333333,-6.63749999999997,7446,633111.0403241355,9266162.250843003,156,76.08978174603176,19174.625000000004,3.45625,0.04951014051429027,0.0015680088568396423,0.013541666666666665
544673,-79.395833333333,-6.63749999999997,1117,677337.7680216082,9266036.941598443,53,96.87655555555556,8718.89,3.1451612903225805,0.07277454609554027,0.0018315497510866983,0.07688172043010752
548768,-78.520833333333,-6.67916666666664,14846,774093.0522410041,9261027.873744627,95,82.33554938271604,13338.358999999999,3.642105263157895,0.05819937627183954,0.00209998676783496,0.04140350877192982
551718,-79.9041666666664,-6.71249999999997,577,621115.7135334171,9257897.67699513,43,78.4133230769231,5096.866000000002,3.3333333333333335,0.06322527601597366,0.00165280239355414,0.037037037037037035
554066,-79.6291666666664,-6.7374999999999705,2430,651507.1344342321,9255056.771343978,113,67.7988333333333,12203.789999999995,2.9236641221374047,0.07408904486838087,0.0016631078616106622,0.057251908396946556
556328,-79.83749999999971,-6.76249999999997,51475,628471.7702292379,9252352.318931207,208,69.55054925373132,23299.433999999994,3.4832535885167464,0.0484225283996451,0.0013701106081078658,0.0055821371610845286
556476,-78.6041666666664,-6.76249999999997,587,764829.3393770602,9251853.520560488,25,125.00362857142858,4375.127,2.793103448275862,0.13127166575442437,0.002408243848096581,0.09195402298850575
557084,-79.8624999999997,-6.77083333333331,16861,625706.4215900246,9251437.460702492,197,67.1794949152543,19817.951000000015,3.174757281553398,0.05546830382638499,0.001289462069198208,0.024271844660194174
557088,-79.8291666666664,-6.77083333333331,15905,629390.6210316927,9251428.709712947,135,71.74561682242992,15353.562000000004,3.36231884057971,0.052215372026309735,0.0016843485497728503,0.05555555555555556
557844,-79.84583333333299,-6.77916666666664,12647,627546.3261192649,9250511.721410053,223,64.60757225433534,22354.220000000027,3.2270742358078603,0.04426202425826795,0.001488488661991957,0.04148471615720523
564670,-79.3041666666664,-6.85416666666664,280,687390.8435088021,9242041.421822788,89,87.47748717948718,13646.488000000001,3.3877551020408165,0.05805324707202469,0.0017574330455939944,0.013605442176870748
566299,-78.145833333333,-6.87083333333331,9677,815459.142307812,9239589.462834772,83,101.06685606060606,13340.824999999999,3.303370786516854,0.062003216981907416,0.0015863188618541113,0.011235955056179775
567616,-79.5624999999997,-6.88749999999997,5750,658827.366563437,9238448.620488066,144,56.9681465517241,13216.60999999999,3.107594936708861,0.05206427518569744,0.0021251414029075585,0.03691983122362868
569796,-79.870833333333,-6.91249999999997,150,624748.599974485,9235775.978764117,8,82.39738461538461,1071.166,3.0,0.17373737373737375,0.004886536850192882,0.07575757575757575
572368,-76.770833333333,-6.93749999999997,3294,304353.2855058149,9232795.007850986,56,114.7881318681319,10445.720000000003,3.4642857142857144,0.0746031746031746,0.0019921220123679975,0.01488095238095238
582534,-76.58749999999971,-7.05416666666664,3667,324657.3853492682,9219964.81839658,111,98.33977604166664,18881.236999999994,3.7837837837837838,0.05659445934675294,0.001547450839684145,0.00990990990990991
590824,-78.47083333333299,-7.15416666666664,369,779344.8802802128,9208440.267795203,0,0.0,0.0,0.0,0.0,0.0,0.0
590916,-77.7041666666664,-7.15416666666664,339,201312.92251697503,9208330.177862283,40,85.56516000000002,6417.3870000000015,3.183673469387755,0.07832175423360836,0.0027026048734696325,0.047619047619047616
591528,-78.5124999999997,-7.16249999999997,23199,774734.9853564621,9207543.316016199,132,79.46486729857823,16767.087000000007,3.407142857142857,0.06105277268868136,0.0012865294505226645,0.04642857142857143
592452,-76.7291666666664,-7.1708333333333005,2053,309053.7935549305,9207006.277291013,75,68.00390163934425,8296.475999999999,3.358974358974359,0.06733179101600151,0.002390250023101029,0.008547008547008546
597089,-79.4291666666664,-7.22916666666664,10135,673435.3140461561,9200618.196316013,142,80.1944979423869,19487.263000000017,3.414473684210526,0.047149994190774945,0.0017718666199423438,0.01644736842105263
598500,-79.4791666666664,-7.245833333333301,1625,667907.376797401,9198793.853990728,79,80.62329999999999,9674.795999999998,2.8369565217391304,0.08168763603546213,0.001256712677819739,0.0
599250,-79.1291666666664,-7.25416666666664,1168,706557.4121917391,9197727.802120844,103,67.96498333333336,12233.697000000006,3.0080645161290325,0.054869450069434604,0.002033155592007902,0.012096774193548388
603453,-79.420833333333,-7.30416666666664,729,674326.6992637854,9192320.85671065,57,75.41077647058823,6409.916,3.0476190476190474,0.08639923446903881,0.002096130353830279,0.0
606258,-79.5624999999997,-7.33749999999997,415,658672.7507549734,9188687.156593494,36,79.95569491525423,4717.3859999999995,3.15,0.08970985155195682,0.0031021642455293383,0.0125
607507,-75.0041666666664,-7.3458333333333,7205,499540.13453730743,9188020.171447696,38,138.79136666666668,8327.482,3.1363636363636362,0.09015403201449713,0.0015613004492409071,0.08181818181818182
609116,-78.8041666666664,-7.370833333333301,316,742393.3099800944,9184660.361936396,23,95.42066666666668,3435.1440000000002,3.230769230769231,0.12923076923076923,0.003494258581893954,0.09615384615384613
611738,-79.5624999999997,-7.40416666666664,2783,658649.016943689,9181315.009991594,121,82.77381958762888,16058.121000000003,3.3255813953488373,0.059211053378502104,0.0014142196228415325,0.02971576227390181
613777,-79.5041666666664,-7.42916666666664,12306,665079.0251876728,9178529.1329369,74,100.94417647058818,12012.356999999993,3.1707317073170733,0.06572944896115628,0.0016479676061910836,0.0
617927,-78.820833333333,-7.47916666666664,2308,740493.7119675253,9172684.851389157,67,79.77529310344823,9253.933999999996,3.3378378378378377,0.06910506396807765,0.0022970589007534005,0.009009009009009009
629382,-78.045833333333,-7.620833333333301,9234,825980.7887359477,9156504.006891718,152,70.82640229885055,18485.690999999995,3.5632911392405062,0.04986722608467352,0.00166244270493919,0.016877637130801686
635898,-79.4374999999997,-7.70416666666664,3137,672328.8075646086,9148091.68587305,112,74.72034536082472,14495.746999999996,3.4482758620689653,0.05278150398484967,0.0021065854659274687,0.02729885057471264
637288,-79.1124999999997,-7.7208333333333,46,708176.5514745553,9146103.45182114,3,64.11099999999999,128.22199999999998,3.3333333333333335,0.3333333333333333,0.012167914329851098,0.0
638627,-79.295833333333,-7.73749999999997,748,687942.837499029,9144345.35732738,93,76.52833974358974,11938.420999999998,3.0642201834862384,0.06157490766939447,0.0018409135862789108,0.0076452599388379195
639323,-79.1874999999997,-7.745833333333301,3259,699890.1272721009,9143374.262867996,140,66.51636936936937,14766.634,3.3496503496503496,0.0593658164829876,0.0018438670870337783,0.016317016317016316
643425,-79.22083333333299,-7.7958333333333,806,696189.6031764317,9137859.699624063,37,65.8531509433962,3490.2169999999987,2.902439024390244,0.12317073170731704,0.0024523554425426716,0.0
645619,-78.03749999999971,-7.8208333333333,3107,826747.2100442039,9134358.972373135,74,94.82136936936938,10525.172,3.25,0.069606448553817,0.0019695935411481154,0.054824561403508776
650911,-79.22083333333299,-7.88749999999997,7344,696146.6355533284,9127721.147180187,254,53.01296725440805,21046.147999999997,3.059040590405904,0.0371614608339392,0.001857431745173224,0.0024600246002460025
652988,-78.570833333333,-7.91249999999997,57,767826.6859276303,9124593.465719238,0,0.0,0.0,0.0,0.0,0.0,0.0
656229,-79.2374999999997,-7.954166666666629,1799,694277.3653891676,9120355.491675183,6,146.41987500000002,1171.3590000000002,2.6666666666666665,0.2222222222222222,0.0032633727920078157,0.0
660321,-78.3124999999997,-8.00416666666663,2145,796262.4534616434,9114273.480315156,75,63.97574590163935,7805.041000000001,2.7717391304347827,0.07203641768859159,0.002771600632441686,0.03623188405797102
665536,-79.0041666666664,-8.0708333333333,3197,719944.0999172509,9107333.410319988,128,84.21300473933645,17768.943999999992,3.423357664233577,0.0506376922220632,0.001546968933831833,0.020681265206812655
666183,-79.120833333333,-8.07916666666663,6762,707078.3961562011,9106472.75004308,132,60.81644285714284,12771.452999999996,3.2888888888888888,0.056005685856432126,0.0020064523947418596,0.045925925925925926
666191,-79.0541666666664,-8.07916666666663,4975,714427.5433531442,9106438.260763578,138,80.41076444444448,18092.42200000001,3.557142857142857,0.05308957802701937,0.0015331193325187594,0.016904761904761905
666195,-79.020833333333,-8.07916666666663,15204,718102.2216928294,9106420.564427024,141,83.11964016736404,19865.594000000005,3.75177304964539,0.0495961893099502,0.0015437904695668903,0.020094562647754135
666202,-78.96249999999971,-8.07916666666663,190,724533.0814016274,9106388.871128336,16,76.24778947368422,1448.708,3.125,0.17023809523809524,0.0048694164001506154,0.0625
667519,-79.0124999999997,-8.0958333333333,24526,719011.9016405176,9104572.487317447,177,70.22529454545456,19311.956000000002,3.162303664921466,0.046567115869954115,0.0014149875266291152,0.017452006980802792
668836,-79.03749999999971,-8.11249999999997,17543,716247.0808407094,9102742.290617187,124,73.69864130434779,13560.549999999994,3.261904761904762,0.07035227854582696,0.0014189055063620858,0.0
670155,-79.020833333333,-8.12916666666663,2781,718075.2778162779,9100889.769485336,81,85.02158620689656,9862.504,3.0,0.09119769800462288,0.0013463197653582593,0.0421455938697318
670810,-79.045833333333,-8.13749999999997,33841,715315.1537618963,9099981.36310778,197,72.21346905537465,22169.535000000014,3.2548076923076925,0.04481046133642164,0.001415089114450212,0.011217948717948716
671572,-78.170833333333,-8.1458333333333,3016,811782.5240881059,9098488.621407196,123,67.20066513761466,14649.744999999995,3.5538461538461537,0.050621459451401306,0.002110331102652603,0.02641025641025641
673431,-79.0124999999997,-8.1708333333333,891,718971.1701793424,9096276.24407794,89,72.69451470588237,9886.454000000002,3.0721649484536084,0.06320537167661425,0.002073592253644536,0.03264604810996563
675032,-76.5124999999997,-8.18749999999997,1965,333382.0774156881,9094660.389948767,99,94.23931034482759,16397.64,3.6893203883495147,0.056275244885996306,0.0016086534998491129,0.019417475728155338
675515,-77.895833333333,-8.1958333333333,3,180904.42211381454,9092902.075619353,73,59.291000000000004,8360.031,3.2386363636363638,0.060378241112002136,0.003446924293738798,0.03598484848484848
676681,-78.9791666666664,-8.21249999999997,893,722621.9293866284,9091648.845467037,80,75.23238211382116,9253.583000000002,3.234567901234568,0.06765900922019066,0.002096041882107054,0.018518518518518517
680038,-77.995833333333,-8.25416666666663,3,169924.09760922837,9086363.736239022,45,88.53584931506849,6463.117,3.3125,0.08119411039161269,0.002824527312002471,0.03125
680703,-77.8541666666664,-8.26249999999997,8,185552.08057284728,9085555.949548863,13,114.52847619047617,2405.0979999999995,2.611111111111111,0.15032679738562094,0.0033459649600371135,0.037037037037037035
682071,-77.3041666666664,-8.27916666666663,30,246192.40787489663,9084104.451912468,0,0.0,0.0,0.0,0.0,0.0,0.0
689303,-76.445833333333,-8.3708333333333,4,340801.3450966925,9074413.112041188,0,0.0,0.0,0.0,0.0,0.0,0.0
690173,-74.5791666666664,-8.37916666666663,81,546332.035322695,9073759.50171752,11,148.2156875,2371.451,2.7857142857142856,0.18772893772893773,0.00193950689388472,0.0
690824,-74.545833333333,-8.38749999999997,15603,550000.9061268384,9072834.109784553,135,83.23789898989901,16481.104000000003,3.2335766423357666,0.056821398470174776,0.0014962375520142976,0.0121654501216545
691058,-78.0041666666664,-8.3958333333333,258,829957.0676633738,9070681.344374182,11,151.42659999999998,2271.399,3.272727272727273,0.12525252525252525,0.0037234841621867367,0.09090909090909091
691471,-74.5624999999997,-8.3958333333333,2115,548164.9487678746,9071914.885899147,72,95.95088288288291,10650.548000000003,3.1265822784810124,0.07756167882750159,0.0015506090560315085,0.042194092827004225
692926,-78.7541666666664,-8.4208333333333,346,747289.6026705556,9068467.879801992,15,67.45931578947369,1281.727,2.9375,0.14940476190476193,0.005038626824946402,0.0625
696504,-76.46249999999971,-8.46249999999997,10619,339003.70306025393,9064269.04554022,51,114.13772413793103,9929.982,3.3333333333333335,0.07434495329232171,0.001745410479287697,0.061403508771929814
697364,-74.8041666666664,-8.4708333333333,1955,521555.23068851297,9063644.765592912,47,96.19953333333333,7214.965,3.169811320754717,0.08496257719343181,0.002347823431489735,0.022012578616352203
702185,-78.6791666666664,-8.53749999999997,1847,755475.0275708623,9055511.449842328,64,83.1869157894737,7902.757000000001,3.3230769230769233,0.08021978021978024,0.0022341299155374077,0.02564102564102564
703622,-77.6291666666664,-8.55416666666663,35,210574.93640761962,9053449.068485862,43,98.20509999999996,6874.356999999997,3.1739130434782608,0.09420289855072463,0.002015461887687247,0.15942028985507245
724840,-77.4541666666664,-8.8208333333333,37,230042.1341653385,9024068.908789793,24,148.7591944444444,5355.330999999998,2.793103448275862,0.12506841817186645,0.0018849007689842464,0.028735632183908042
728893,-77.3624999999997,-8.8708333333333,83,240166.14103076363,9018601.652113223,0,0.0,0.0,0.0,0.0,0.0,0.0
733751,-76.1124999999997,-8.92916666666663,22201,377689.6308296147,9012794.620242704,103,95.13145833333331,15982.084999999997,3.5576923076923075,0.05557172458228994,0.001497391273759739,0.03685897435897436
740934,-78.6124999999997,-9.0208333333333,1364,762477.3336250206,9001986.720183052,122,74.31963861386137,15012.566999999997,3.1865671641791047,0.05814315299782702,0.001648953683419649,0.04477611940298506
742669,-75.5124999999997,-9.03749999999996,1872,443674.17597924935,9000962.351689383,90,81.63337414965987,12000.106000000002,2.8018018018018016,0.07715739091885884,0.0013885127108295545,0.04654654654654656
743075,-77.8124999999997,-9.0458333333333,5068,190787.06497151926,8998886.679997394,135,73.65156756756758,16350.648000000003,3.3216783216783217,0.05189675971815619,0.001720322610782649,0.03496503496503496
744347,-78.58749999999971,-9.062499999999961,27258,765196.8087017479,8997358.176452836,160,74.03430125523013,17694.198,3.231707317073171,0.05334615377510283,0.001526646745692101,0.024390243902439025
745028,-78.59583333333299,-9.0708333333333,3777,764274.1411968138,8996442.158494322,156,77.67950409836067,18953.799000000003,3.3167701863354035,0.049610336341263335,0.0014933212678469347,0.03685300207039337
749091,-78.520833333333,-9.1208333333333,2266,772485.3751591938,8990853.86025311,96,88.54912765957451,12485.427000000005,2.933333333333333,0.07496799317187665,0.0012674317928461777,0.060317460317460304
750530,-77.745833333333,-9.13749999999996,3246,198198.8846815736,8988797.060106317,71,88.81729629629629,9592.268,3.2054794520547945,0.08444272943597658,0.0019694932473683395,0.04794520547945205
751138,-78.2791666666664,-9.1458333333333,80,799044.3566767435,8987895.597193306,181,56.4964542253521,16044.992999999997,3.0885416666666665,0.05342897492422155,0.0018217844548512527,0.05902777777777779
761747,-77.645833333333,-9.279166666666633,4077,209313.6817494869,8973200.889778929,104,70.09251412429377,12406.374999999998,3.2956521739130435,0.060092613218309325,0.0019091986106195323,0.015942028985507242
763884,-76.0041666666664,-9.30416666666663,2104,389716.39298435993,8971363.465958644,102,77.89848701298702,11996.367,3.1682242990654204,0.06799422290517336,0.0016595752351982241,0.0077881619937694695
766943,-77.170833333333,-9.3458333333333,625,261571.5818847195,8966179.328792458,63,88.54904545454542,9740.394999999997,3.2253521126760565,0.07536523488758641,0.0025321168508144957,0.009389671361502348
769091,-75.03749999999971,-9.3708333333333,499,495882.5086398097,8964148.886373905,40,85.07453968253967,5359.695999999999,2.6666666666666665,0.10199279711884753,0.002198612584776447,0.0261437908496732
776700,-78.3041666666664,-9.4708333333333,3807,796020.7311210863,8951946.589146143,80,79.88304724409446,10145.146999999995,2.925531914893617,0.06920240120159549,0.0017316427378868877,0.05851063829787234
778957,-77.53749999999971,-9.49583333333329,1581,221396.70894811183,8949310.829845468,41,100.95895454545453,6663.290999999999,2.6470588235294117,0.09983193277310927,0.0017432530978677063,0.039215686274509796
783485,-76.8124999999997,-9.5458333333333,301,301056.9410402591,8944279.134703614,11,113.57075,2271.415,3.2857142857142856,0.12637362637362637,0.004864360571296103,0.047619047619047616
815871,-75.995833333333,-9.89583333333329,428,390821.35218866257,8905941.436893996,91,55.190026315789424,8388.883999999993,3.2604166666666665,0.058228350130645756,0.003710087641508949,0.05381944444444445
819819,-76.245833333333,-9.937499999999961,12628,363426.0622503092,8901241.44392757,173,74.72226819923371,19502.512,3.2402234636871508,0.06047939081923564,0.0010691660021886929,0.06461824953445065
819820,-76.2374999999997,-9.937499999999961,14854,364339.73525981954,8901244.861497298,186,61.642736156351745,18924.319999999985,3.1519607843137254,0.04589918931041173,0.0016785554180520018,0.0196078431372549
832371,-78.1541666666664,-10.0625,290,811952.0326289381,8886322.836175961,93,70.52518181818178,10085.100999999995,3.163265306122449,0.06623557928325971,0.0018150932003412215,0.03401360544217687
833590,-75.5541666666664,-10.0708333333333,5,439278.1271517481,8886704.558429714,20,86.48329032258064,2680.982,2.8260869565217392,0.14191605495953324,0.003084217589798585,0.14492753623188406
857990,-74.9374999999997,-10.2958333333333,1862,506843.4341630562,8861878.173530811,26,122.27075510204084,5991.267000000001,2.488372093023256,0.10693352780703885,0.0015269727709946704,0.04651162790697674
873837,-76.1874999999997,-10.4458333333333,587,370027.9016016311,8845049.712419737,40,76.39095081967213,4659.848,3.119047619047619,0.11515679442508711,0.002037689345748746,0.055555555555555546
878209,-76.5124999999997,-10.4875,43,334471.75795979647,8840289.240596801,32,67.17631914893617,3157.2870000000003,3.0294117647058822,0.12772950089126558,0.0027076374061353755,0.14215686274509803
887888,-76.195833333333,-10.5791666666666,10,369171.8502537211,8830300.987133278,0,0.0,0.0,0.0,0.0,0.0,0.0
887983,-75.4041666666664,-10.5791666666666,2800,455785.4902996292,8830523.03891407,105,93.71983030303029,15463.771999999997,3.547169811320755,0.057651703642269715,0.0015176587436865124,0.014150943396226415
897271,-77.8124999999997,-10.6708333333333,2918,192299.9473820829,8819017.058778565,83,56.072184615384614,7289.384,3.2790697674418605,0.06554784704579504,0.0029216756329799656,0.01937984496124031
897396,-76.770833333333,-10.6708333333333,59,306306.9807399272,8819861.913674783,70,74.99422123893805,8474.347,3.088607594936709,0.07692307692307694,0.0017731126196455908,0.027426160337552748
899188,-76.2624999999997,-10.6875,20315,361925.93726373365,8818291.33952805,52,118.98151948051947,9161.577,2.696969696969697,0.09656905594405595,0.0008852194894791494,0.02525252525252525
902941,-73.7624999999997,-10.7208333333333,3421,635324.7292441304,8814615.98766299,34,123.02660714285717,6889.490000000002,3.3421052631578947,0.10229966808914177,0.0018104811750908835,0.08771929824561403
904483,-75.270833333333,-10.7375,2155,470387.15293048654,8813032.02639252,52,121.1699213483146,10784.123,3.3793103448275863,0.06635122288479818,0.0017383531090245877,0.07471264367816091
905901,-77.7624999999997,-10.7541666666666,16044,197856.9173333201,8809842.333976023,104,92.1006226415094,14643.998999999996,3.121739130434783,0.056606792086024975,0.0014581882654660044,0.007246376811594202
906081,-76.2624999999997,-10.7541666666666,2,361956.1637668832,8810918.431346029,54,106.03143010752693,9860.923000000004,3.4210526315789473,0.07182729551150602,0.002080237527940501,0.039766081871345026
907002,-75.7374999999997,-10.7625,1,419366.77215353376,8810183.937896755,0,0.0,0.0,0.0,0.0,0.0,0.0
924137,-74.870833333333,-10.929166666666601,1974,514114.03243110323,8791849.60691377,79,91.94929687500002,11769.510000000002,3.597560975609756,0.0713546371574827,0.001713772620045688,0.014227642276422762
931006,-76.3624999999997,-10.995833333333302,361,351140.07748581097,8784143.633009244,4,132.56260000000003,662.8130000000001,2.6666666666666665,0.3333333333333333,0.0033802653370914536,0.0
931916,-76.3624999999997,-11.0041666666666,2614,351144.2603009616,8783221.96920764,76,70.01125,8961.44,2.902173913043478,0.06320141211445557,0.0022919276789328887,0.03260869565217391
944010,-77.6124999999997,-11.1125,5902,214617.06194110872,8770326.705708055,108,70.4221485714286,12323.876000000004,3.307017543859649,0.06382798811187261,0.0017547301673144443,0.07134502923976607
946989,-77.2041666666664,-11.1375,56,259265.3295276628,8767922.27871798,0,0.0,0.0,0.0,0.0,0.0,0.0
956109,-74.66249999999971,-11.2125,5,536843.334224057,8760503.077046638,5,157.96633333333332,947.798,3.0,0.21666666666666667,0.00349792403507785,0.0
959919,-75.8541666666664,-11.245833333333302,663,406762.5138237337,8756702.894726772,33,119.81817647058821,6110.726999999999,3.1025641025641026,0.09880730933362514,0.001849478182367076,0.0
970893,-75.33749999999971,-11.3375,0,463172.584475591,8746681.293032255,0,0.0,0.0,0.0,0.0,0.0,0.0
973745,-76.22083333333299,-11.3625,60,366787.7278393877,8743658.651171263,9,98.05728571428573,1372.8020000000001,2.5,0.1636363636363636,0.004444227916242116,0.08333333333333333
977735,-75.6874999999997,-11.395833333333302,3,424995.1767401158,8740163.598325023,10,167.19623076923074,2173.5509999999995,2.6666666666666665,0.20909090909090908,0.0021467510442429207,0.0
980436,-69.4874999999997,-11.4125,969,446818.4512563405,8738364.855076237,27,114.18620454545454,5024.193,2.65,0.12245276653171389,0.0013259894637441883,0.0
990212,-77.21249999999971,-11.5041666666666,10374,258662.4583326673,8727344.02223621,109,65.43723756906081,11844.140000000007,3.396551724137931,0.05897906310002893,0.0021452880724959727,0.0
996994,-77.270833333333,-11.5625,8886,252347.6382551701,8720839.45267678,99,79.93775816993465,12230.477000000003,3.0660377358490565,0.07787079272928328,0.001389162085014876,0.05188679245283019
1001017,-76.1374999999997,-11.595833333333301,23,375983.83625124866,8717890.211217837,0,0.0,0.0,0.0,0.0,0.0,0.0
1004912,-76.045833333333,-11.6291666666666,12,385992.4312623953,8714242.092592446,0,0.0,0.0,0.0,0.0,0.0,0.0
1007797,-76.2374999999997,-11.654166666666601,7,365107.8938693681,8711393.170480235,0,0.0,0.0,0.0,0.0,0.0,0.0
1018502,-76.0124999999997,-11.745833333333302,13,389672.68663459795,8701352.902963886,4,118.2065,472.826,2.6,0.26666666666666666,0.0039414189280743556,0.0
1021459,-75.71249999999971,-11.770833333333302,20,422371.15071464656,8698688.491025921,14,140.73052380952382,2955.341,2.526315789473684,0.14895080839353286,0.0024972936092269482,0.05263157894736842
1022462,-75.4874999999997,-11.779166666666601,1675,446887.79623472475,8697819.363791259,68,94.15338834951459,9697.799000000003,3.135135135135135,0.07550187173474847,0.001692435745031742,0.03423423423423423
1032054,-77.0791666666664,-11.8625,11317,273503.9230508287,8687805.715831993,89,84.5609357142857,11838.530999999999,3.01980198019802,0.06986898689868985,0.001641050663957549,0.00825082508250825
1034987,-77.120833333333,-11.8875,6293,268984.11053785693,8685005.315237775,47,65.91251428571428,4613.875999999999,2.6363636363636362,0.13518836160345593,0.001674816852964206,0.08484848484848485
1035977,-77.03749999999971,-11.895833333333302,11501,278071.7135326916,8684151.211823087,194,82.90101792114697,23129.384000000005,3.2628865979381443,0.05098482875736694,0.001031958893364049,0.048109965635738834
1039124,-75.320833333333,-11.920833333333302,1172,465064.0486107895,8682180.229940487,57,99.14389010989012,9022.094000000001,3.338709677419355,0.08214348669134497,0.0018105104850648722,0.016129032258064516
1040922,-76.695833333333,-11.9375,4023,315325.88240168703,8679792.052069742,75,101.61861016949156,11990.996000000005,2.8461538461538463,0.06679974208064095,0.0010642607125132813,0.04945054945054944
1041860,-77.0541666666664,-11.9458333333333,10220,276296.6220141877,8678605.694686644,188,81.01803308823526,22036.90499999999,3.25,0.03799883652219231,0.0012639944796370838,0.012943262411347517
1042841,-77.0624999999997,-11.9541666666666,6994,275395.6184449618,8677676.910616558,158,85.30972103004295,19877.165000000008,3.2848101265822787,0.05994982603464421,0.0013592910275974906,0.0
1044812,-77.0124999999997,-11.970833333333301,15328,280856.09105116315,8675873.040238282,197,62.13592079207919,18827.183999999994,2.9680365296803655,0.05487164399584792,0.0012057674360153796,0.03272450532724505
1044814,-76.995833333333,-11.970833333333301,15326,282671.6259042809,8675886.217761254,193,80.47035915492955,22853.581999999995,3.3010204081632653,0.047558761807657245,0.001203827219885387,0.009523809523809525
1047757,-77.0624999999997,-11.995833333333302,5110,275430.0664997407,8673066.752602896,106,88.91330463576156,13425.908999999996,3.130841121495327,0.06589582756043696,0.0007859809132118622,0.04049844236760125
1049724,-77.09583333333299,-12.0125,16402,271813.2118639445,8671195.25316073,191,78.26777700348431,22462.852,3.21,0.05999543170397441,0.0010364866272215111,0.003333333333333333
1049728,-77.0624999999997,-12.0125,5934,275443.87881601177,8671222.686063929,75,90.80270000000004,9080.270000000004,3.1315789473684212,0.0999407302038881,0.0008464529070933972,0.03508771929824561
1049756,-76.8291666666664,-12.0125,119,300856.6526023472,8671402.378909178,154,56.574765690376545,13521.368999999993,3.30625,0.052921990685454966,0.0015354246440747515,0.0916666666666667
1050716,-77.0541666666664,-12.020833333333302,34441,276358.41984124994,8670307.445873123,145,84.6317083333334,18280.449000000015,3.251700680272109,0.0630824649179464,0.0012570318169409095,0.025623582766439914
1050723,-76.995833333333,-12.020833333333302,15331,282711.6933863461,8670354.230744548,101,83.20380689655167,12064.551999999992,3.277227722772277,0.08001900190019003,0.001292600140244645,0.02805280528052805
1051720,-76.920833333333,-12.029166666666601,3004,290886.32622566656,8669490.437068816,121,76.24582285714285,13343.018999999998,3.0551181102362204,0.07454168228971378,0.001347170601622335,0.02099737532808399
1052695,-77.03749999999971,-12.0375,12399,278187.3349254611,8668476.90784829,78,89.93657983193279,10702.453000000001,3.2771084337349397,0.05727879902627676,0.001164866882695185,0.04136546184738956
1053676,-77.1041666666664,-12.045833333333302,8543,270933.7758384432,8667500.097579023,211,57.60467192429021,18260.680999999997,3.0730593607305936,0.048435166207304356,0.0016136500384967573,0.012937595129375952
1053683,-77.045833333333,-12.045833333333302,21987,277286.6432082532,8667548.133810505,127,89.67820312500004,17218.215000000007,3.3,0.05259997391174714,0.0011486483228067672,0.034102564102564105
1053689,-76.995833333333,-12.045833333333302,6104,282731.78888012783,8667588.23073368,89,74.70078294573645,9636.401000000002,3.152173913043478,0.08828767850506979,0.0015499814110499185,0.05253623188405796
1053695,-76.945833333333,-12.045833333333302,8831,288176.7823832508,8667627.333667578,15,115.68831578947368,2198.078,3.2666666666666666,0.11684981684981686,0.0016020628078971448,0.3022222222222223
1054884,-75.28749999999971,-12.054166666666601,826,468709.1536376654,8667440.313730601,43,111.46867187500001,7133.995000000001,3.061224489795918,0.0974996381531336,0.0015122370214385662,0.017006802721088433
1054891,-75.2291666666664,-12.054166666666601,7635,475058.0560867274,8667446.29186374,266,58.84961483253594,24599.139000000025,3.304029304029304,0.04247294290977816,0.0014258516298522085,0.032356532356532346
1055655,-77.120833333333,-12.0625,12965,269132.8931742477,8665641.989096373,113,75.83610691823903,12057.941000000004,3.219298245614035,0.10703542595426616,0.0009681953018988495,0.06725146198830408
1055658,-77.09583333333299,-12.0625,24735,271855.435211609,8665662.9346916,190,65.98626164874555,18410.16700000001,3.145077720207254,0.05981211965023646,0.0013874952927928012,0.024179620034542316
1055665,-77.03749999999971,-12.0625,44263,278207.8788058171,8665710.839855488,143,84.12938207547165,17835.42899999999,3.3636363636363638,0.049975795855328346,0.0009398906950345885,0.03613053613053613
1055666,-77.0291666666664,-12.0625,22132,279115.35335076705,8665717.572844354,110,96.81020111731836,17329.025999999987,3.675675675675676,0.05378581250140885,0.0010858376850014777,0.023723723723723722
1055667,-77.020833333333,-12.0625,22471,280022.8235994843,8665724.278183792,122,90.97155329949241,17921.396000000004,3.581967213114754,0.06612812175405319,0.0011690146039376001,0.010382513661202184
1055676,-76.945833333333,-12.0625,7664,288189.8654231637,8665783.382125804,137,89.52821938775517,17547.531000000014,3.1594202898550723,0.05587706361503659,0.0012836305326541003,0.007246376811594203
1055885,-75.2041666666664,-12.0625,24816,477779.6926313804,8666526.947780844,157,74.57656031128401,19166.175999999992,3.341317365269461,0.04933069239396344,0.0014205382019550907,0.038922155688622756
1056645,-77.120833333333,-12.0708333333333,24799,269140.03153712885,8664719.92074524,145,80.37422746781114,18727.194999999996,3.4149659863945576,0.048483124945774225,0.0015037090031759432,0.020634920634920634
1056655,-77.03749999999971,-12.0708333333333,44096,278214.7361043574,8664788.816230163,118,78.19480645161293,14544.234000000006,3.5,0.06325398252633788,0.0011774217658979552,0.06779661016949151
1056657,-77.020833333333,-12.0708333333333,22048,280029.6246936037,8664802.263288127,150,76.61365948275865,17774.369000000006,3.278481012658228,0.05358918541213149,0.0011810068781982152,0.0
1056660,-76.995833333333,-12.0708333333333,16691,282751.92553756444,8664822.226376468,169,81.78784462151386,20528.748999999978,3.2865497076023393,0.046083418314902,0.0010705823066980433,0.021442495126705655
1057641,-77.045833333333,-12.0791666666666,22193,277314.1754386516,8663860.022701846,133,80.09807870370368,17301.184999999994,3.5970149253731343,0.06390424840935444,0.0011487838977626624,0.07633262260127932
1057642,-77.03749999999971,-12.0791666666666,22230,278221.5980718789,8663866.792123787,117,87.69807142857141,17188.821999999996,3.7948717948717947,0.07244646907315573,0.0010510907235299345,0.01168091168091168
1058623,-77.070833333333,-12.0875,22471,274598.86069373967,8662917.506055012,116,91.63578191489358,17227.526999999995,3.525,0.05624910981341691,0.0012137496851573574,0.01361111111111111
1058626,-77.045833333333,-12.0875,22471,277321.07021653024,8662937.99372347,129,88.96912807881772,18060.732999999997,3.4651162790697674,0.06285049670390042,0.0011396719243640305,0.033591731266149866
1058628,-77.0291666666664,-12.0875,14306,279135.8548881323,8662951.51364462,140,82.39756888888878,18539.452999999976,3.5428571428571427,0.05296408835664387,0.0012192965074102878,0.04357142857142857
1058848,-75.195833333333,-12.0875,5464,478688.6238909938,8663763.128690304,107,87.29486885245905,15974.961000000005,3.403361344537815,0.05127413851242364,0.001608797936913883,0.04285714285714286
1060592,-77.0541666666664,-12.1041666666666,8988,276427.5313562477,8661087.12399045,126,80.12414070351755,15944.703999999994,3.3622047244094486,0.05323984501937257,0.0014574161521164082,0.059842519685039355
1060596,-77.020833333333,-12.1041666666666,19781,280056.8753759259,8661114.198880456,138,71.4071298076923,14852.682999999997,3.230769230769231,0.05377092191596237,0.0011179434277961058,0.0675990675990676
1061577,-77.0291666666664,-12.1125,22193,279156.398271682,8660185.45010467,157,87.32753906249997,22355.84999999999,3.624203821656051,0.055052077571083116,0.0010474092285824009,0.040552016985138
1063540,-77.0291666666664,-12.1291666666666,22171,279170.11710676,8658341.405329306,102,89.76219186046512,15439.097000000002,3.6538461538461537,0.06351407254462652,0.0013400613632022428,0.06506410256410257
1065503,-77.020833333333,-12.145833333333302,22352,280091.0429066991,8656504.107491113,128,79.88290000000003,15976.580000000007,3.3333333333333335,0.055316820583996174,0.0011022484983947817,0.06186868686868688
1066489,-76.9874999999997,-12.154166666666601,10014,283726.48807348113,8655608.822195256,112,81.70670930232559,14053.554000000002,2.8625954198473282,0.07548148046994137,0.0010700614123343999,0.1068702290076336
1067473,-76.97083333333299,-12.1625,16320,285547.4438519093,8654700.027853975,183,73.2294666666667,19771.95600000001,3.2594594594594595,0.050180918623541564,0.0013396235745838313,0.012252252252252252
1069437,-77.0041666666664,-12.179166666666601,8478,281932.5976379864,8652829.474491714,75,99.22998130841121,10617.608,3.220779220779221,0.069336978810663,0.0015436552584347323,0.01861471861471861
1069445,-76.9374999999997,-12.179166666666601,24727,289188.9792052483,8652882.153964143,190,68.21656565656565,20260.319999999996,3.190954773869347,0.04491616674357791,0.001614065299461927,0.028978224455611396
1071407,-77.0124999999997,-12.1958333333333,2930,281039.21077133645,8650978.72884441,122,86.18227528089888,15340.445000000002,3.1496062992125986,0.06131333583302086,0.0013284023719244745,0.01443569553805774
1072404,-76.9291666666664,-12.2041666666666,12716,290115.6832284204,8650122.68680074,141,80.53073708920188,17153.047,3.208053691275168,0.05953183014544471,0.0013009674514347863,0.022371364653243846
1072589,-75.3874999999997,-12.2041666666666,253,457848.81975400937,8650839.716758633,23,98.58694594594594,3647.7169999999996,3.0,0.10510785510785513,0.0030686568930942014,0.047619047619047616
1073388,-76.9291666666664,-12.2125,11439,290122.250374647,8649200.710290821,158,74.51907456140351,16990.349000000002,3.2327044025157234,0.0503400729281869,0.0011712920908333335,0.010482180293501047
1078291,-76.8874999999997,-12.2541666666666,1320,294688.9574282429,8644622.883260403,31,150.38473809523813,6316.1590000000015,3.25,0.12083333333333333,0.0015575969969103022,0.0
1117073,-69.1958333333331,-12.5791666666666,3344,478728.31704756577,8609393.989064164,151,76.59794214876034,18536.702,3.3836477987421385,0.0477128935634866,0.0015508765090246732,0.009224318658280923
1118373,-74.370833333333,-12.595833333333301,0,568337.6581738151,8607477.034845773,5,242.5311428571429,1697.7180000000003,2.6666666666666665,0.16666666666666666,0.003101074662824234,0.16666666666666666
1125729,-76.6291666666664,-12.6624999999999,3768,323073.57180915197,8599635.14901883,78,90.8054960629921,11532.297999999997,3.0555555555555554,0.0683038247644989,0.001453073224713588,0.018518518518518517
1134552,-74.3874999999997,-12.7374999999999,2743,566490.5991339926,8591814.511492252,50,91.5887555555556,8242.988000000003,2.984126984126984,0.06893975640670509,0.002111793716522786,0.03174603174603175
1139179,-74.9874999999997,-12.779166666666601,1591,501356.7055261845,8587285.165617818,53,74.32625925925925,6020.426999999999,3.0517241379310347,0.09291547835105007,0.002234845652195375,0.05172413793103449
1139466,-72.59583333333299,-12.779166666666601,2,761009.2660074686,8586073.404460154,14,95.08168181818183,2091.7970000000005,2.6666666666666665,0.12540849673202614,0.004223457841309444,0.0
1146653,-74.570833333333,-12.845833333333301,9004,546568.371838778,8579874.112051936,64,82.33392079207923,8315.726000000002,3.142857142857143,0.07681159420289856,0.0020154349237951276,0.09285714285714285
1149641,-72.6958333333331,-12.870833333333302,1939,750056.688704178,8576027.799782425,135,79.32607943925231,16975.780999999995,3.2857142857142856,0.05411248640838883,0.0016205481917638956,0.025000000000000005
1153001,-75.2791666666664,-12.904166666666601,643,469715.1042243074,8573445.609662376,0,0.0,0.0,0.0,0.0,0.0,0.0
1156791,-74.2374999999997,-12.9374999999999,936,582709.3923412814,8569652.677874302,21,148.10747058823532,5035.654,2.7586206896551726,0.10490786352855318,0.0017116699568477543,0.051724137931034475
1162230,-74.72083333333299,-12.9874999999999,5104,530274.8363575237,8564230.029371249,52,100.59352439024394,8248.669000000004,3.0677966101694913,0.08806791965301916,0.001620644620436556,0.019774011299435026
1164319,-72.5541666666664,-13.0041666666666,785,765297.982810375,8561128.745844353,42,75.48772058823532,5133.165000000002,2.8461538461538463,0.10901960784313727,0.0021380300773697998,0.01282051282051282
1172078,-76.3791666666664,-13.0791666666666,8471,350475.7868671459,8553702.205787793,60,79.2393404255319,7448.497999999999,3.123076923076923,0.09536401098901101,0.0017607486943106078,0.01282051282051282
1174615,-70.3708333333331,-13.095833333333301,1,351389.40263843024,8551863.521049226,39,78.4885892857143,4395.361000000001,2.9767441860465116,0.12107338681360241,0.0022562966753754904,0.03875968992248062
1181585,-72.54583333333309,-13.1624999999999,1,766032.3725082652,8543595.915835604,0,0.0,0.0,0.0,0.0,0.0,0.0
1183185,-74.2041666666664,-13.179166666666601,3267,586241.4247554297,8542914.21039143,206,64.55964000000002,20981.883000000005,3.2476635514018692,0.04096111672681121,0.0016279433876292347,0.007009345794392523
1193798,-75.3124999999997,-13.279166666666601,6,466150.20058548823,8531970.750544684,4,216.32600000000002,865.3040000000001,3.25,0.16666666666666666,0.0032639636515971546,0.5833333333333333
1196849,-72.1124999999997,-13.304166666666601,882,812857.9394522347,8527411.962743051,88,85.11716551724138,12341.989,3.2222222222222223,0.07541754596246493,0.0014456577388768166,0.010101010101010102
1206071,-76.1374999999997,-13.395833333333302,2780,376839.09872391494,8518806.620650468,149,72.95272083333333,17508.653,3.3974358974358974,0.04848055170635814,0.0016724312226849291,0.03525641025641025
1206561,-72.0541666666664,-13.395833333333302,132,819062.6711381914,8517188.390841313,55,102.84218823529413,8741.586000000001,3.418181818181818,0.07883870148021088,0.0019700690499423815,0.047272727272727265
1208702,-76.1291666666664,-13.420833333333302,3785,377754.1205175493,8516045.530180018,108,81.94384705882352,13930.453999999998,3.324561403508772,0.06599393949475454,0.0013789747811349456,0.017543859649122806
1214815,-76.1874999999997,-13.4791666666666,37,371469.152431444,8509563.554396596,0,0.0,0.0,0.0,0.0,0.0,0.0
1220559,-71.96249999999971,-13.529166666666601,20463,179308.59409387302,8502403.71839841,212,72.98214984709486,23865.16300000002,3.2465116279069766,0.042628720231262254,0.0014297206559978825,0.04031007751937985
1220748,-70.3874999999997,-13.529166666666601,0,349849.6112492834,8503919.146960026,0,0.0,0.0,0.0,0.0,0.0,0.0
1221340,-72.6958333333331,-13.5374999999999,1221,749378.5818913034,8502248.686184727,87,84.20814893617019,11873.348999999997,3.2967032967032965,0.059554677532205606,0.001953656820771804,0.023809523809523808
1221434,-71.91249999999971,-13.5374999999999,204,184736.31067322983,8501546.085337432,93,102.79704137931034,14905.571,3.0373831775700935,0.06909842053555686,0.0011665909517816124,0.024922118380062308
1222898,-74.195833333333,-13.554166666666601,1373,587009.9469717254,8501436.639254197,45,114.49667105263157,8701.747,3.489795918367347,0.07922637139962367,0.0018876203130841354,0.013605442176870748
1227971,-75.3541666666664,-13.6041666666666,161,461688.4912383096,8496022.33649358,22,65.05089473684208,2471.9339999999993,2.8214285714285716,0.10266585266585267,0.004953983990747792,0.03571428571428571
1232589,-72.895833333333,-13.645833333333302,611,727620.0527898753,8490455.820196899,19,94.92754838709678,2942.754,2.72,0.14130434782608695,0.003015687359986049,0.0
1233326,-73.9541666666664,-13.654166666666601,1208,613112.8221724053,8490276.888636634,52,94.21394252873563,8196.613,3.2203389830508473,0.0736924133829606,0.0021800345405466547,0.06214689265536723
1234257,-73.3791666666664,-13.6624999999999,1901,675308.3918159201,8489013.192593774,41,113.17092063492059,7129.767999999997,2.84,0.08442176870748298,0.0018227072512445232,0.0
1236183,-71.6208333333331,-13.679166666666601,15,216497.52407002886,8486221.648018867,2,61.86,61.86,3.0,0.0,0.016165535079211122,0.0
1239075,-76.1541666666664,-13.712499999999899,4984,375199.7114344592,8483771.393370297,88,77.52671232876712,11318.9,3.4086021505376345,0.06480382637465386,0.0020639908053903255,0.026881720430107527
1239932,-76.195833333333,-13.720833333333301,802,370698.27395456313,8482827.701680835,98,72.44239354838716,11228.571000000009,3.141509433962264,0.06396347363328495,0.0019984061681252076,0.0339622641509434
1243646,-74.070833333333,-13.7541666666666,235,600451.1091602781,8479267.698835356,43,69.20831343283582,4636.957,3.5454545454545454,0.09566596194503173,0.003427947338628394,0.0606060606060606
1261270,-74.33749999999971,-13.920833333333302,1546,571569.7339791965,8460929.5558792,87,84.72770422535213,12031.334000000003,3.193548387096774,0.06271031446347015,0.0020938210223951062,0.04946236559139785
1262863,-75.670833333333,-13.9374999999999,86,427535.1770114483,8459083.68327462,41,84.85560937500001,5430.759000000001,2.8541666666666665,0.11318609312365092,0.0020402161330001054,0.07986111111111112
1264158,-72.1791666666664,-13.9458333333333,934,804804.7821510531,8456454.86980806,49,97.97990789473681,7446.472999999998,2.9107142857142856,0.08748196248196248,0.002233909304791704,0.03273809523809523
1268340,-73.820833333333,-13.9874999999999,0,627353.99956584,8453339.337966202,0,0.0,0.0,0.0,0.0,0.0,0.0
1273382,-75.7041666666664,-14.0374999999999,8703,423967.14042785,8448013.04072281,182,72.57473968253966,22861.042999999994,3.741758241758242,0.04746541058695758,0.0014879831744590713,0.03571428571428571
1273878,-71.5708333333331,-14.0374999999999,2283,222336.0150921468,8446614.665987233,62,82.47969642857142,9237.725999999999,3.436619718309859,0.06969935555361152,0.0022238244288920405,0.007042253521126761
1276030,-75.7374999999997,-14.0624999999999,20657,420376.42025200295,8445236.965642944,112,86.50129943502829,15310.730000000007,3.1338582677165356,0.06322409698787654,0.0011961258364681876,0.02624671916010499
1276918,-75.7291666666664,-14.0708333333333,10724,421279.0161960559,8444318.06730341,169,72.17271003717468,19414.458999999988,3.3801169590643276,0.052174612188901265,0.0014689477536907205,0.028265107212475632
1280833,-72.7041666666664,-14.1041666666666,594,747875.5990911162,8439542.67037174,0,0.0,0.0,0.0,0.0,0.0,0.0
1290226,-75.71249999999971,-14.1958333333333,6,423120.4193114513,8430498.091672355,30,81.03522222222222,4375.902,2.7560975609756095,0.10390869293308318,0.003383179433813122,0.02032520325203252
1298553,-71.22083333333309,-14.270833333333302,572,260400.9500776688,8421175.459451927,10,82.45546153846156,1071.9210000000003,2.8333333333333335,0.18333333333333332,0.0061807758139211695,0.08333333333333333
1300019,-73.2541666666664,-14.2874999999999,26,688322.9218309689,8419769.011094984,30,73.67044897959184,3609.8520000000003,3.088235294117647,0.097927807486631,0.0030866852409678243,0.04901960784313725
1307742,-72.8791666666664,-14.3624999999999,324,728712.9914750117,8411132.027758444,50,79.43440506329118,6275.318000000003,3.2830188679245285,0.07454679985201629,0.0033976882137510965,0.02830188679245283
1324886,-75.1791666666664,-14.5374999999999,80,480697.4410200432,8392819.955444206,1,84.9675,169.935,1.6666666666666667,0.3333333333333333,0.009315550629247259,0.0
1339518,-74.120833333333,-14.6874999999999,1911,594656.1093906881,8376053.281493492,43,123.36605797101451,8512.258000000002,3.391304347826087,0.0865393061045235,0.0017445199324888213,0.06884057971014493
1349260,-71.4041666666664,-14.7874999999999,2439,241214.14626545372,8363790.865031841,161,70.87994552529186,18216.146000000008,3.3454545454545452,0.05072934945746556,0.001552795711164113,0.06040404040404042
1349386,-70.3541666666664,-14.7874999999999,29,354262.3128801305,8364737.598393752,55,95.76644210526315,9097.812,3.2459016393442623,0.06511994072427527,0.0024006843402996567,0.04972677595628416
1353388,-74.9291666666664,-14.837499999999899,114,507620.8344858233,8359645.893493535,121,45.767278606965164,9199.222999999998,3.36,0.05446157880933647,0.003016478976240285,0.059999999999999984
1354884,-74.96249999999971,-14.8541666666666,72,504034.2496605522,8357803.378881387,45,62.432718309859155,4432.723,2.7884615384615383,0.14064102564102562,0.0017317799182883,0.08012820512820512
1358388,-70.58749999999971,-14.8874999999999,2354,329223.8960376529,8353508.990986792,69,81.28908737864076,8372.775999999998,3.22972972972973,0.08514850466905259,0.0015221327213180097,0.009009009009009009
1360655,-70.1958333333331,-14.9124999999999,6066,371378.69978193904,8351006.40363839,110,83.28697660818717,14242.073000000006,3.299145299145299,0.05473032714412024,0.0014321053374097858,0.007122507122507122
1369048,-73.7791666666664,-15.0124999999999,1557,631249.7307063682,8339929.207549793,82,76.65397931034482,11114.827,3.1386138613861387,0.06822482248224822,0.0015435637926093598,0.026072607260726074
1386216,-69.7624999999997,-15.2041666666666,1456,418101.75445047626,8318949.13830634,105,70.52969364161854,12201.637000000008,3.0483870967741935,0.05942139273322928,0.0017003608177240646,0.008064516129032258
1399497,-70.3708333333331,-15.3624999999999,26,352864.2412833129,8301112.8833977375,54,94.68988461538463,7385.8110000000015,3.309090909090909,0.0874404421574233,0.0021319742934570486,0.01818181818181818
1404893,-74.620833333333,-15.4374999999999,437,540679.4424102063,8293247.799454927,42,79.9538169014084,5676.720999999997,3.0384615384615383,0.09171945701357465,0.0020868508651244533,0.009615384615384616
1409835,-70.16249999999971,-15.495833333333302,122,375307.8258355303,8286493.443121187,117,73.81552284263957,14541.657999999996,3.110294117647059,0.05689607517965728,0.001592948202236731,0.045343137254901966
1411675,-70.1124999999997,-15.520833333333302,98,380685.8851678685,8283756.210806909,83,105.5606953125,13511.769,3.4651162790697674,0.06962250016285584,0.0012704227286138813,0.009689922480620155
1419775,-71.6041666666664,-15.6374999999999,1515,220796.59644265802,8269450.513026385,155,61.37075,16692.844,3.5185185185185186,0.04411375661375663,0.002057392567054079,0.027777777777777776
1420499,-70.3458333333331,-15.645833333333302,339,355744.8583267436,8269782.950369412,20,76.73899999999999,2302.1699999999996,3.1818181818181817,0.120995670995671,0.0038790046694011774,0.0
1432686,-72.6541666666664,-15.837499999999899,1034,751246.3882153577,8247635.09968016,126,64.57509523809523,13560.769999999999,3.2246376811594204,0.05168138343880871,0.002164884717400588,0.050241545893719805
1433002,-70.0208333333331,-15.837499999999899,8264,390686.6446370685,8248773.549306287,160,72.12450000000001,18319.623000000003,3.263157894736842,0.048480203874345346,0.001471609284257847,0.008382066276803117
1433012,-74.2541666666664,-15.845833333333301,1259,579860.7121252407,8247975.626882288,116,81.09476804123712,15732.385000000002,3.2170542635658914,0.05211385277421719,0.0016126760287762092,0.024547803617571057
1433519,-70.0291666666664,-15.845833333333301,5166,389798.7297194105,8247847.290946242,139,71.6485158371041,15834.322000000007,3.2857142857142856,0.05307889806843852,0.0016702875657535758,0.04535147392290249
1441419,-69.8041666666664,-15.970833333333301,182,413946.0604060167,8234124.704305109,8,70.03059999999999,1050.4589999999998,2.769230769230769,0.13752913752913754,0.005939397879706144,0.05128205128205128
1443880,-72.0124999999997,-16.0124999999999,5,819741.1209165785,8227380.996601023,18,86.36799999999998,2591.0399999999995,3.0476190476190474,0.10952380952380951,0.004288863690763144,0.09523809523809523
1447639,-72.4874999999997,-16.0708333333333,50,768794.8581266361,8221597.179091069,12,35.12495652173913,807.8739999999999,2.5,0.11812865497076024,0.007123723454976083,0.0
1448520,-69.6374999999997,-16.0791666666666,4297,431818.5953093297,8222202.55782205,100,95.96640251572327,15258.658000000001,3.4326923076923075,0.057679494501310595,0.0016023815642218268,0.04807692307692308
1456887,-69.46249999999971,-16.2124999999999,1542,450568.58005474927,8207503.1218547765,69,87.27073913043469,10036.13499999999,3.418918918918919,0.07093309062487145,0.002101458060116237,0.038288288288288286
1457053,-72.47083333333299,-16.220833333333303,630,770374.9139891915,8204969.280654096,33,83.40700000000002,4587.385000000001,2.6744186046511627,0.09982983550765741,0.0022952233830986113,0.0
1457440,-73.6124999999997,-16.2291666666666,1073,648292.7329543864,8205213.319857105,83,81.49537588652483,11490.848,3.1666666666666665,0.06612308697275103,0.0018537753397496505,0.008680555555555554
1458995,-69.08749999999971,-16.2458333333333,4201,490649.766713079,8203869.601811922,91,90.08778169014086,12792.465000000002,3.329896907216495,0.059974678965454865,0.0016841467286095677,0.031958762886597936
1466074,-71.5624999999997,-16.3624999999999,58,226256.56524829852,8189240.888415629,58,96.3970588235294,8193.75,2.888888888888889,0.0926527494480958,0.0012089172379543772,0.0582010582010582
1467094,-71.5291666666664,-16.3791666666666,12318,229842.40012096852,8187440.356290456,226,63.60911299435031,22517.62600000001,3.1837606837606836,0.044677393750577096,0.0015503018895578697,0.03347578347578346
1468106,-71.54583333333309,-16.3958333333333,17065,228084.27702345038,8185572.9131815415,161,79.90820325203252,19657.418,3.086705202312139,0.04379852822449098,0.0013651561649619505,0.05684007707129095
1468108,-71.5291666666664,-16.3958333333333,35924,229865.39488885802,8185595.194063183,77,99.47421621621623,11041.638000000003,3.3125,0.0791727523531321,0.0009744370665359647,0.037500000000000006
1469113,-71.4874999999997,-16.4124999999999,3366,234340.74236208515,8183805.139280528,154,80.41581276595748,18897.716000000008,3.1538461538461537,0.06962849449030932,0.0009943359889063054,0.021301775147928997
1469605,-71.5124999999997,-16.420833333333302,3366,231680.79999656405,8182849.610399919,137,73.21325,15228.356000000002,3.1901408450704225,0.05242126517973084,0.0017161299393133836,0.005868544600938967
1470588,-71.5291666666664,-16.4374999999999,3366,229922.9814386905,8180982.2782094125,151,80.90221794871798,18931.119000000006,3.19375,0.05291676618103656,0.001399016924426434,0.030208333333333337
1471073,-71.5541666666664,-16.4458333333333,2984,227263.51702588878,8180026.126245872,162,75.60735887096774,18750.625,3.290909090909091,0.04482291114043321,0.0014458563829494063,0.024242424242424242
1471995,-71.9374999999997,-16.4624999999999,326,186329.26930654983,8177624.241233871,0,0.0,0.0,0.0,0.0,0.0,0.0
1473884,-72.09583333333299,-16.4958333333333,648,810055.6331826887,8173984.426744814,25,81.71492307692309,3186.882,2.9,0.11067323481116585,0.0033116461097514715,0.0
1477942,-69.03749999999971,-16.5624999999999,1623,495999.23295985005,8168841.9936200725,59,80.06972727272729,7046.136000000002,3.0,0.09335142469470828,0.001836474466442389,0.09950248756218903
1483533,-70.97083333333309,-16.670833333333302,256,289820.49707510194,8155821.148692774,26,81.27204878048782,3332.1540000000005,3.0344827586206895,0.10034665207079001,0.0038655559731492206,0.028735632183908042
1498119,-72.1041666666664,-17.0041666666666,17,808344.6308497149,8117703.888002712,14,52.76581818181818,1160.848,3.2857142857142856,0.12225274725274725,0.009303128425342883,0.17857142857142858
1498775,-72.0124999999997,-17.0208333333333,34383,818084.2678375087,8115711.25319946,102,56.688079268292704,9296.845000000003,3.3962264150943398,0.06257861635220127,0.002475468804336281,0.050628930817610066
1500679,-71.72083333333299,-17.0708333333333,5,210404.00601209363,8110589.4086563215,30,55.127163265306116,2701.2309999999998,3.125,0.09751344086021503,0.005746146552918964,0.07291666666666666
1501090,-70.84583333333309,-17.0791666666666,348,303577.8954414297,8110757.657637989,34,96.02963636363634,5281.629999999999,2.975,0.10023616734143051,0.002727098623939956,0.03333333333333333
1505063,-70.9541666666664,-17.1958333333333,462,292175.93842171424,8097732.634305572,62,93.66624242424241,9272.957999999999,2.7948717948717947,0.10680547522652788,0.0012599295593241741,0.043162393162393155
1511417,-70.5124999999997,-17.420833333333302,16,339352.8192693682,8073254.389427933,9,87.80953846153845,1141.524,2.8,0.15555555555555553,0.00852045608394426,0.1
1512851,-70.0291666666664,-17.470833333333303,479,390724.53769985604,8068063.15437448,48,64.72599999999998,5113.353999999998,3.017543859649123,0.08167578035999086,0.002936172625668798,0.011695906432748537
1516530,-70.7624999999997,-17.612499999999898,580,312989.59754146467,8051814.585262258,53,65.28798850574715,5680.055000000002,2.8412698412698414,0.09926720556017228,0.002543149040369803,0.037037037037037035
1517288,-71.33749999999971,-17.6458333333333,7141,252000.310529678,8047463.268807156,91,62.293517985611494,8658.798999999997,3.02,0.0676664605236034,0.0016930991422963227,0.05499999999999998
1523878,-70.2041666666664,-17.9791666666666,58,372501.1505834246,8011705.773296695,7,137.42725,1099.418,3.0,0.2708333333333333,0.003057115292765411,0.20833333333333331
1524280,-70.2458333333331,-18.0041666666666,14757,368107.45145475643,8008910.216729987,186,71.6307195945946,21202.693,3.231527093596059,0.044911762700422665,0.0014025893967975795,0.03513957307060755
1524413,-70.2541666666664,-18.012499999999896,21519,367231.354042941,8007982.11764572,160,71.61429268292689,17617.116000000013,3.1845238095238093,0.05215730329358496,0.0013432944057868903,0.056547619047619034
1524796,-70.2541666666664,-18.0374999999999,2129,367250.09496828436,8005215.668141387,239,63.99190348525464,23868.97999999998,3.2469635627530367,0.03976108859659197,0.0015501330696541503,0.02415654520917679
