pixel_ID,population,congestion,hospital,COORDX,COORDY,CATEGORIA,capacity,utm_e,utm_n
64558,772,0.25,C.A.P.I SAN ANTONIO DEL ESTRECHO,-72.6698113,-2.4516589,C.A.P.I,0.101211022,759127.5714,9728790.872
173222,3793,0.05233901,P.M. ZARUMILLA,-80.2711588,-3.4949817,P.M.,0.123787016,580954.1284,9613663.314
182945,8075,0.061902418,P.M. LA CRUZ,-80.4453051,-3.5830899,P.M.,0.122337087,561604.7647,9603937.091
186855,947,0.110826845,H.I CARLOS ALBERTO CORTEZ JIMENEZ,-80.477633,-3.6095382,H.I,0.521074217,558012.6334,9601015.631
195703,696,0.25,P.M. ZORRITOS,-80.6798521,-3.6817005,P.M.,0.14316589,535551.5986,9593049.476
201363,31013,0.061073417,C.A.P.III PUNCHANA,-73.2472702,-3.7314761,C.A.P.III,0.1587329,694654.5397,9587360.112
201363,31013,0.061073417,C.A.P.III IQUITOS.,-73.2472702,-3.7314761,C.A.P.III,0.131864869,694654.5397,9587360.112
203359,31013,0.079107838,H.III IQUITOS,-73.2516326,-3.7436735,H.III,0.488694517,694167.2263,9586012.212
206352,11440,0.09333723,C.A.P.II SAN JUAN BAUTISTA,-73.2863701,-3.7746925,C.A.P.II,0.116727021,690301.5194,9582589.616
224364,1343,0.106562137,C.A.P.II CABALLOCOCHA,-70.5160813,-3.9107889,C.A.P.II,0.223707813,331668.7262,9567581.668
299977,2943,0.096422569,C.A.P.II NAUTA,-73.5809868,-4.5053588,C.A.P.II,0.243083876,657431.9817,9501859.027
307378,12432,0.07711969,H.II TALARA,-81.2735632,-4.5682,H.II,0.482588295,469655.2092,9495060.143
311784,2,0.333333333,C.A.P.II SANTA MARIA DE NIEVA,-77.8610254,-4.6010065,C.A.P.II,0.102087454,182527.4566,9490803.349
315754,4738,0.077034226,P.M. AYABACA,-79.7154042,-4.640713,P.M.,0.061590602,642489.7134,9486921.276
317929,2,0,H.I HEROES DEL CENEPA,-78.148056,-4.651111,H.I,0.491065231,816441.7201,9485262.147
341168,3345,0.08262505,P.M. IGNACIO ESCUDERO,-80.8737685,-4.8442379,P.M.,0.061834895,513996.5764,9464552.066
348182,8577,0.047812485,H.I SULLANA,-80.6864323,-4.903638,H.I,0.439007767,534765.5466,9457979.264
351232,7734,0.068326363,C.M. TAMBO GRANDE,-80.3411126,-4.9263073,C.M.,0.286514426,573050.2337,9455445.502
367583,4,0.197802198,C.A.P.I IMAZA,-78.3386286,-5.058393,C.A.P.I,0.14166543,795103.4953,9440276.394
372396,1604,0.111567232,C.A.P.II CHULUCANAS,-80.1582241,-5.1005997,C.A.P.II,0.307639996,593303.4614,9436154.61
377547,7080,0.0582036,C.A.P.II SAN IGNACIO,-79.0056496,-5.1454968,C.A.P.II,0.182618104,721077.1363,9430907.492
381328,1396,0.06836446,C.A.P.III METROPOLITANO DE PIURA,-80.6548882,-5.1782884,C.A.P.III,0.176167881,538246.8422,9427617.524
381410,31,0.076308884,P.M. MORROPON,-79.9685718,-5.1811403,P.M.,0.104525112,614312.4309,9427219.751
383324,26522,0.052363997,H.II JORGE REATEGUI DELGADO,-80.6362576,-5.1935187,H.II,0.526675426,540310.6298,9425932.794
386321,10527,0.05812538,C.A.P.III CASTILLA,-80.6210706,-5.2204797,C.A.P.III,0.25237438,541991.9172,9422951.495
389305,579,0.066494952,POL. HOSP. PRIVADO DEL PERÚ,-80.6529809,-5.2454611,POL.,0.224725635,538454.1351,9420192.057
392281,3844,0.054441945,C.A.P.III CATACAOS,-80.6743053,-5.2688451,C.A.P.III,0.229803237,536089.7476,9417608.432
405159,1316,0.100641026,P.M. CANCHAQUE,-79.6080967,-5.3755675,P.M.,0.061490625,654222.3436,9405645.278
406144,22,0,P.M. HUANCABAMBA,-79.4703885,-5.3860856,P.M.,0.062953814,669480.8707,9404445.74
407924,4094,0.050566876,P.M. LA UNION,-80.7489565,-5.4042073,P.M.,0.163861972,527811.6009,9402649.223
407925,625,0.083352606,C.M. LEONCIO AMAYA TUME,-80.7413826,-5.4026376,C.M.,0.245946555,528650.7471,9402822.388
426061,4886,0.049705323,P.M. SECHURA,-80.8187744,-5.5622396,P.M.,0.081580866,520071.5851,9385182.966
443322,26020,0.048231728,H.II JAEN,-78.8008309,-5.7134468,H.II,0.425217079,743563.8849,9368005.966
463277,0,0,H.I ALTO MAYO,-77.6077865,-5.886184,H.I,0.446480148,211240.1769,9348702.611
465370,4827,0.063527169,H.I YURIMAGUAS,-76.1129048,-5.9007717,H.I,0.372323348,376805.7337,9347641.311
469926,1241,0.102427638,C.A.P.I PEDRO RUIZ GALLO,-77.9767202,-5.9435412,C.A.P.I,0.121964505,170388.2153,9342149.293
470007,8968,0.097182832,C.A.P.I NUEVA CAJAMARCA,-77.303723,-5.946466,C.A.P.I,0.164201052,244955.8112,9342181.786
474491,5143,0.059340905,P.M. OLMOS,-79.7452635,-5.9892468,P.M.,0.122004959,638874.6297,9337825.43
484289,6096,0.079174438,H.I RIOJA,-77.1717963,-6.0670575,H.I,0.308296163,259621.4033,9328901.057
486964,904,0.091170727,C.A.P.I LONYA GRANDE,-78.4222665,-6.0971422,C.A.P.I,0.141379057,785320.1322,9325375.043
491690,1486,0.074717322,C.A.P.I LAMUD,-77.9505261,-6.1362221,C.A.P.I,0.121205808,173406.8889,9320837.627
493335,1630,0.069266984,C.A.P.II MOTUPE,-79.7147468,-6.1512014,C.A.P.II,0.163153512,642210.2937,9319910.322
500892,1,0,C.A.P.I OCALLI,-78.2362225,-6.2221076,C.A.P.I,0.141185574,805856.241,9311443.087
518121,5968,0.057461658,C.M. CUTERVO,-78.821275,-6.3760453,C.M.,0.264212373,741004.9142,9294717.221
519789,862,0.101180837,C.A.P.II JAYANCA,-79.8202852,-6.3922952,C.A.P.II,0.182170226,630471.0492,9293280.391
520069,1107,0.091447964,C.A.P.II RODRIGUEZ DE MENDOZA,-77.4855682,-6.3941102,C.A.P.II,0.20334774,225042.9076,9292564.808
522861,3639,0.111448835,P.M. LAMAS,-76.5156092,-6.4200923,P.M.,0.06301432,332382.0788,9290109.216
528167,1451,0.1252035,H.II TARAPOTO,-76.3713254,-6.4735739,H.II,0.544585415,348358.1062,9284240.452
532950,275,0,P.M. TUCUME,-79.8429313,-6.5168756,P.M.,0.141853098,627934.8819,9279511.698
537345,216,0,C.M. CHOTA,-78.6648243,-6.5595955,C.M.,0.264684546,758226.9014,9274334.491
544625,7446,0.049510141,H.I AGUSTIN ARBULU NEYRA,-79.7932957,-6.6393958,H.I,0.481028112,633391.0857,9265951.952
544673,1117,0.072774546,C.A.P.II CHONGOYAPE,-79.3950257,-6.6374574,C.A.P.II,0.223777155,677427.0886,9266041.363
548768,14846,0.058199376,P.M. BAMBAMARCA,-78.5192276,-6.6795866,P.M.,0.122246454,774270.4543,9260980.515
551718,577,0.063225276,POL. AGUSTIN GAVIDIA SALCEDO,-79.9064606,-6.7085088,POL.,0.314318073,620863.1333,9258339.53
554066,2430,0.074089045,C.A.P.II PATAPO,-79.6305599,-6.7376852,C.A.P.II,0.205181535,651353.0654,9255036.725
556328,51475,0.048422528,C.A.P.III MANUEL MANRIQUE NEVADO,-79.8366956,-6.7597307,C.A.P.III,0.342442733,628561.4111,9252658.302
556476,587,0.131271666,C.A.P.I HUALGAYOC,-78.6068528,-6.7638136,C.A.P.I,0.242083524,764531.5365,9251709.647
557084,16861,0.055468304,POL. CHICLAYO OESTE,-79.862752,-6.771262,POL.,0.324474025,625678.4583,9251390.13
557088,15905,0.052215372,C.A.P.III CARLOS CASTANEDA IPARRAGUIRRE,-79.8315993,-6.7732204,C.A.P.III,0.332069679,629121.1156,9251165.424
557088,15905,0.052215372,H.N. ALMANZOR AGUINAGA ASENJO,-79.8307247,-6.773264,H.N.,0.51619037,629217.7701,9251160.37
557844,12647,0.044262024,H.I NAYLAMP,-79.8425388,-6.7762306,H.I,0.527369271,627911.2257,9250835.488
564670,280,0.058053247,P.M. OYOTUN,-79.3043021,-6.851955,P.M.,0.12169232,687376.7378,9242286.07
566299,9677,0.062003217,C.M. CELENDIN,-78.1444218,-6.8667977,C.M.,0.285094298,815617.9442,9240035.197
567616,5750,0.052064275,C.M. CAYALTI,-79.5659633,-6.886811,C.M.,0.326846953,658444.8619,9238525.96
569796,150,0.173737374,C.M. JUAN AITA VALLE,-79.8682381,-6.9111608,C.M.,0.346224076,625035.7058,9235923.369
572368,3294,0.074603175,P.M. SAPOSOA,-76.7711626,-6.9353405,P.M.,0.081794566,304316.0039,9233033.708
582534,3667,0.056594459,P.M. BELLAVISTA,-76.5858425,-7.0582517,P.M.,0.082642587,324842.0417,9219513.685
590824,369,0,C.A.P.II BAÑOS DEL INCA,-78.468452,-7.156113,C.A.P.II,0.202582652,779606.878,9208223.452
590916,339,0.078321754,P.M. BOLIVAR,-77.7031871,-7.1543336,P.M.,0.121223338,201421.307,9208312.341
591528,23199,0.061052773,H.II CAJAMARCA,-78.5088441,-7.1596125,H.II,0.51376766,775140.7467,9207860.626
592452,2053,0.067331791,H.I JUANJUI,-76.7278803,-7.1731495,H.I,0.287668777,309196.8496,9206750.653
597089,10135,0.047149994,H.I CHEPEN,-79.4288257,-7.2271893,H.I,0.375724548,673473.724,9200836.74
598500,1625,0.081687636,C.A.P.II GUADALUPE,-79.4760133,-7.2452522,C.A.P.II,0.082127735,668255.8194,9198856.952
599250,1168,0.05486945,P.M. TEMBLADERA,-79.129784,-7.2538172,P.M.,0.121496067,706489.3886,9197766.736
603453,729,0.086399234,P.M. LIMONCARRO,-79.4183427,-7.3037166,P.M.,0.041529569,674601.8869,9192369.664
606258,415,0.089709852,P.M. JEQUETEPEQUE,-79.5630919,-7.3379214,P.M.,0.021453524,658607.2536,9188640.767
607507,7205,0.090154032,P.M. CONTAMANA,-75.0073022,-7.3499642,P.M.,0.145718928,499194.0803,9187563.507
609116,316,0.129230769,P.M. CONTUMAZA,-78.8049516,-7.3666932,P.M.,0.141663477,742308.8732,9185118.8
611738,2783,0.059211053,H.I PACASMAYO,-79.565078,-7.4040051,H.I,0.432113191,658364.4969,9181333.796
613777,12306,0.065729449,C.A.P.I SAN PEDRO DE LLOC,-79.5033042,-7.4250154,C.A.P.I,0.06293208,665175.7779,9178987.88
617927,2308,0.069105064,C.A.P.I CASCAS,-78.8221874,-7.47996,C.A.P.I,0.061530918,740343.7721,9172597.828
629382,9234,0.049867226,C.M. CAJABAMBA,-78.0452217,-7.6209569,C.M.,0.283430149,826048.2446,9156489.867
635898,3137,0.052781504,C.A.P.I MALABRIGO,-79.4380417,-7.7036782,C.A.P.I,0.042635144,672269.2463,9148145.924
635898,3137,0.052781504,C.A.P.I CHICAMA,-79.4338188,-7.7001724,C.A.P.I,0.063362459,672736.5255,9148531.925
637288,46,0.333333333,C.M. ASCOPE,-79.1143365,-7.7177186,C.M.,0.26534992,707975.4523,9146448.864
638627,748,0.061574908,P.M. PAIJAN,-79.2986668,-7.7342484,P.M.,0.06391049,687631.6992,9144706.227
639323,3259,0.059365816,C.M. ESPECIALIZADO CASA GRANDE,-79.1901505,-7.7473403,C.M.,0.334979283,699597.0146,9143208.833
643425,806,0.123170732,H.II CHOCOPE,-79.2216764,-7.7926751,H.II,0.46421884,696098.0796,9138209.399
645619,3107,0.069606449,C.A.P.II HUAMACHUCO,-78.0397732,-7.8183467,C.A.P.II,0.085477178,826498.2089,9134635.994
650911,7344,0.037161461,P.M. CARTAVIO,-79.2211476,-7.8889329,P.M.,0.044599872,696111.3025,9127562.812
652988,57,0,C.A.P.II OTUZCO,-78.5670333,-7.9131333,C.A.P.II,0.142822756,768245.4909,9124520.942
656229,1799,0.222222222,P.M. SANTIAGO DE CAO,-79.2394761,-7.9551186,P.M.,0.061192908,694059.029,9120251.133
660321,2145,0.072036418,P.M. QUIRUVILCA,-78.3095598,-8.0023449,P.M.,0.082215147,796588.1225,9114472.973
665536,3197,0.050637692,POL. EL PORVENIR,-79.0072782,-8.0746418,POL.,0.441171794,719599.0116,9106913.808
666183,6762,0.056005686,C.M. HUANCHACO,-79.1212106,-8.0829664,C.M.,0.06315233,707034.8701,9106052.655
666191,4975,0.053089578,H.I LA ESPERANZA,-79.0552746,-8.0756203,H.I,0.409478767,714307.2772,9106831.12
666195,15204,0.049596189,H.I FLORENCIA DE MORA,-79.0230284,-8.0830079,H.I,0.460297256,717858.1728,9105996.839
666202,190,0.170238095,C.A.P.II LAREDO,-78.9627624,-8.0819939,C.A.P.II,0.127347948,724502.5893,9106076.268
667519,24526,0.046567116,H.IV VICTOR LAZARTE ECHEGARAY,-79.0120577,-8.0996179,H.IV,0.550533914,719058.6128,9104153.614
668836,17543,0.070352279,H.I ALBRECHT,-79.0346491,-8.1115197,H.I,0.441015902,716561.8645,9102849.206
670155,2781,0.091197698,C.A.P.III METROPOLITANO DE TRUJILLO,-79.0198248,-8.1273969,C.A.P.III,0.160905588,718187.4032,9101084.991
670810,33841,0.044810461,POL. VICTOR LARCO HERRERA,-79.0499461,-8.1377197,POL.,0.199219828,714861.712,9099959.248
671572,3016,0.050621459,P.M. SANTIAGO DE CHUCO,-78.1721189,-8.1468836,P.M.,0.102378667,811639.9259,9098373.368
673431,891,0.063205372,H.I MOCHE,-79.0126097,-8.167579,H.I,0.400749895,718960.8544,9096636.287
675032,1965,0.056275245,P.M. TOCACHE,-76.5148645,-8.1893672,P.M.,0.225134582,333122.3218,9094452.916
675515,3,0.060378241,P.M. PAMPAS,-77.8970207,-8.1952004,P.M.,0.10140592,180772.9715,9092971.19
676681,893,0.067659009,C.A.P.I SALAVERRY,-78.9768999,-8.2141205,C.A.P.I,0.083588093,722870.8398,9091468.327
680038,3,0.08119411,P.M. PALLASCA,-77.9990449,-8.2531767,P.M.,0.061085029,169569.1163,9086470.662
680703,8,0.150326797,P.M. CONCHUCOS,-77.8524505,-8.2660783,P.M.,0.121250792,185744.1409,9085161.24
682071,30,0,C.A.P.II TAYABAMBA,-77.3008506,-8.2769363,C.A.P.II,0.103119066,246556.44,9084353.334
689303,4,0,P.M. SANTA LUCIA,-76.4466782,-8.3716487,P.M.,0.221944636,340708.6305,9074322.601
690173,81,0.187728938,P.M. ALAMEDA,-74.5787893,-8.3759779,P.M.,0.169246429,546373.9602,9074111.996
690824,15603,0.056821398,H.II PUCALLPA,-74.5463562,-8.3905682,H.II,0.579379202,549942.9488,9072494.965
691058,258,0.125252525,P.M. CABANA,-78.0045224,-8.3962963,P.M.,0.12131782,829917.4616,9070630.394
691471,2115,0.077561679,C.A.P.I MANANTAY,-74.5629775,-8.399357,C.A.P.I,0.147071675,548111.9452,9071525.379
692926,346,0.149404762,H.I VICTOR SOLES GARCIA,-78.7521816,-8.4231047,H.I,0.330893085,747506.8425,9068215.329
696504,10619,0.074344953,C.A.P.I UCHIZA,-76.4619911,-8.4592507,C.A.P.I,0.142753461,339058.3866,9064628.592
697364,1955,0.084962577,C.A.P.I CAMPO VERDE,-74.8066036,-8.4740956,C.A.P.I,0.102491347,521286.8189,9063284.241
702185,1847,0.08021978,P.M. CHAO,-78.6772899,-8.5398035,P.M.,0.063268224,755680.1942,9055255.342
703622,35,0.094202899,C.M. SIHUAS,-77.6292697,-8.5547681,C.M.,0.223262361,210564.0412,9053382.432
724840,37,0.125068418,C.A.P.II POMABAMBA,-77.4569804,-8.8228089,C.A.P.II,0.163951464,229733.8806,9023848.268
728893,83,0,P.M. PISCOBAMBA,-77.3597194,-8.8667621,P.M.,0.141745911,240469.2627,9019054.065
733751,22201,0.055571725,P.M. AUCAYACU,-76.1116997,-8.928324,P.M.,0.201997449,377777.3473,9012888.065
740934,1364,0.058143153,C.M. COISHCO,-78.6143377,-9.0202023,C.M.,0.290818357,762275.6445,9002057.864
742669,1872,0.077157391,P.M. AGUAYTIA,-75.5131117,-9.0395314,P.M.,0.102354505,443607.2619,9000737.662
743075,5068,0.05189676,C.M. CARAZ,-77.8103481,-9.0477236,C.M.,0.285462866,191025.4467,8998679.284
744347,27258,0.053346154,H.III CHIMBOTE,-78.5884403,-9.0611812,H.III,0.576873899,765094.3547,8997504.79
745028,3777,0.049610336,POL. VICTOR PANTA RODRIGUEZ,-78.5973129,-9.066942,POL.,0.194741173,764114.2587,8996873.814
749091,2266,0.074967993,H.I CONO SUR,-78.5236678,-9.1245719,H.I,0.355997827,772170.8164,8990442.301
750530,3246,0.084442729,P.M. YUNGAY,-77.7423469,-9.1384166,P.M.,0.141818279,198583.1388,8988698.53
751138,80,0.053428975,C.A.P.II SAN JACINTO,-78.2809879,-9.148289,C.A.P.II,0.165886561,798841.9908,8987625.324
761747,4077,0.060092613,C.M. CARHUAZ,-77.6475068,-9.2824547,C.M.,0.184219238,209132.414,8972835.626
763884,2104,0.067994223,H.I TINGO MARIA,-76.0060316,-9.3032659,H.I,0.466731381,389511.272,8971462.488
766943,625,0.075365235,C.M. HUARI,-77.1676413,-9.3419045,C.M.,0.183601913,261919.6599,8966616.152
769091,499,0.101992797,P.M. SUNGARO,-75.0341535,-9.3700275,P.M.,0.101553652,496249.945,8964238.016
776700,3807,0.069202401,C.M. CASMA,-78.3006626,-9.4718308,C.M.,0.246009923,796404.9159,8951833.207
778957,1581,0.099831933,H.II HUARAZ,-77.5381169,-9.4934694,H.II,0.473005689,221327.0217,8949571.936
783485,301,0.126373626,P.M. LLATA,-76.8158534,-9.5499717,P.M.,0.201813037,300691.1563,8943819.442
815871,428,0.05822835,P.M. PANAO,-75.9931798,-9.8979032,P.M.,0.141512171,391112.9832,8905713.422
819819,12628,0.060479391,C.A.P.III METROPOLITANO DE HUANUCO,-76.2445382,-9.9336317,C.A.P.III,0.257702778,363566.4583,8901669.763
819820,14854,0.045899189,H.II HUANUCO,-76.2394027,-9.9372551,H.II,0.565661786,364131.0209,8901271.166
832371,290,0.066235579,C.M. HUARMEY,-78.1506824,-10.0664169,C.M.,0.265775803,812330.4943,8885885.94
833590,5,0.141916055,P.M. POZUZO,-75.5516879,-10.0680289,P.M.,0.121644792,439549.2197,8887015.1
857990,1862,0.106933528,P.M. PUERTO BERMUDEZ,-74.9413361,-10.2928412,P.M.,0.122073185,506423.461,8862209.08
873837,587,0.115156794,H.I HUARIACA,-76.1885171,-10.4440152,H.I,0.430052402,369915.8086,8845250.359
878209,43,0.127729501,C.A.P.II YANAHUANCA,-76.5160357,-10.4912286,C.A.P.II,0.223727906,334086.7126,8839874.983
887888,10,0,P.M. CHICRIN,-76.1921395,-10.5752528,P.M.,0.14219393,369574.3694,8830735.368
887983,2800,0.057651704,H.I OXAPAMPA,-75.400011,-10.5750237,H.I,0.472688484,456239.5265,8830981.712
897271,2918,0.065547847,C.A.P.II PARAMONGA,-77.8161354,-10.6742959,C.A.P.II,0.187204614,191905.4098,8818630.152
897396,59,0.076923077,P.M. OYON,-76.7735488,-10.6678032,P.M.,0.16297074,306007.9537,8820195.398
899188,20315,0.096569056,H.II CERRO DE PASCO,-76.2651975,-10.6861364,H.II,0.491879055,361630.261,8818440.938
902941,3421,0.102299668,P.M. ATALAYA,-73.7637708,-10.7209348,P.M.,0.163859003,635185.6978,8814605.324
904483,2155,0.066351223,C.A.P.II VILLA RICA,-75.2741089,-10.7394842,C.A.P.II,0.304343114,470029.1963,8812812.317
905901,16044,0.056606792,C.A.P.III PEDRO REYES BARBOZA,-77.7600316,-10.7545395,C.A.P.III,0.335967205,198127.4609,8809803.497
906081,2,0.071827296,P.M. COLQUIJIRCA,-76.2638427,-10.7551508,P.M.,0.183486864,361809.7765,8810808.988
907002,1,0,P.M. PAUCARTAMBO,-75.737149,-10.7599544,P.M.,0.121951066,419404.4739,8810465.516
907002,1,0,C.M. PAUCARTAMBO.,-75.737149,-10.7599544,C.M.,0.201803595,419404.4739,8810465.516
924137,1974,0.071354637,C.A.P.I PICHANAQUI,-74.8745545,-10.9265815,C.A.P.I,0.142244772,513707.5388,8792135.621
931006,361,0.333333333,C.A.P.II HUAYLLAY,-76.3651756,-10.9996208,C.A.P.II,0.203128549,350849.6077,8783723.412
931916,2614,0.063201412,P.M. HUARON,-76.3656685,-11.0002305,P.M.,0.141225733,350796.0538,8783655.735
944010,5902,0.063827988,H.II GUSTAVO LANATTA LUJAN,-77.6088697,-11.1135243,H.II,0.54296506,215014.8782,8770216.825
946989,56,0,C.A.P.II SAYAN,-77.2000542,-11.1348902,C.A.P.II,0.228838061,259712.5482,8768214.384
956109,5,0.216666667,H.I RIO NEGRO - SATIPO,-74.6590728,-11.2084381,H.I,0.265278078,537217.9897,8760951.786
959919,663,0.098807309,P.M. SAN PEDRO DE CAJAS,-75.8577528,-11.2493815,P.M.,0.121049746,406372.1842,8756309.384
970893,0,0,C.A.P.II JUNIN,-75.3412179,-11.335798,C.A.P.II,0.142927116,462766.6689,8746869.019
973745,60,0.163636364,P.M. CORPACANCHA,-76.2196665,-11.3628436,P.M.,0.101137842,366915.2251,8743621.185
977735,3,0.209090909,H.I TARMA,-75.6874886,-11.3971756,H.I,0.288404116,424996.7724,8740015.172
980436,969,0.122452767,P.M. IBERIA,-69.4904811,-11.4103092,P.M.,0.163098887,446492.8243,8738606.559
990212,10374,0.058979063,C.A.P.III HUARAL,-77.2132114,-11.5031049,C.A.P.III,0.301920758,258583.9182,8727460.909
996994,8886,0.077870793,C.A.P.II CHANCAY,-77.2701214,-11.5622737,C.A.P.II,0.196560252,252425.1189,8720865.111
1001017,23,0,C.A.P.II MOROCOCHA,-76.1404714,-11.598508,C.A.P.II,0.181758344,375661.0231,8717593.111
1004912,12,0,P.M. MARH TUNEL,-76.047894,-11.6284591,P.M.,0.141389068,385767.4838,8714319.516
1007797,7,0,C.M. CASAPALCA,-76.2377732,-11.6529936,C.M.,0.183209076,365077.5435,8711522.781
1018502,13,0.266666667,P.M. ANDAYCHAGUA,-76.0118076,-11.7430779,P.M.,0.141142435,389747.0459,8701657.903
1021459,20,0.148950808,P.M. PACHACAYO,-75.7134759,-11.7705682,P.M.,0.161313227,422264.7442,8698717.541
1022462,1675,0.075501872,POL. JAUJA,-75.4869033,-11.7806236,POL.,0.165052126,446953.0865,8697658.369
1032054,11317,0.069868987,C.A.P.III PUENTE PIEDRA,-77.0801015,-11.8628636,C.A.P.III,0.221936887,273402.3452,8687764.725
1034987,6293,0.135188362,C.A.P.III HNA MARIA DONROSE SUTMOLLER,-77.1243942,-11.8865243,C.A.P.III,0.367002868,268595.2476,8685110.311
1035977,11501,0.050984829,C.A.P.III CARABAYLLO,-77.0384084,-11.8968398,C.A.P.III,0.301101082,277973.5475,8684039.129
1039124,1172,0.082143487,C.M. CONCEPCION,-75.318405,-11.9224036,C.M.,0.123741563,465328.6748,8682006.896
1040922,4023,0.066799742,POL. CHOSICA,-76.6995719,-11.9384942,POL.,0.32968444,314919.3224,8679679.575
1041860,10220,0.037998837,H.I MARINO MOLINA SCIPPA,-77.0578322,-11.9435828,H.I,0.551158417,275895.4275,8678851.734
1042841,6994,0.059949826,POL. IPRESS CLINICA UNIVERSITARIA,-77.059539,-11.9514079,POL.,0.224367463,275715.9232,8677984.555
1044812,15328,0.054871644,POL. IPRESS SAN MIGUEL ARCANGEL,-77.0104022,-11.972208,POL.,0.298660359,281085.7172,8675722.611
1044814,15326,0.047558762,H.I AURELIO DIAZ UFANO Y PERAL,-76.9955667,-11.9684779,H.I,0.564982412,282698.7875,8676147.032
1047757,5110,0.065895828,C.A.P.III INDEPENDENCIA,-77.0613238,-11.9926853,C.A.P.III,0.351782595,275555.5795,8673416.022
1049724,16402,0.059995432,C.A.P.III LUIS NEGREIROS,-77.0980445,-12.0156194,C.A.P.III,0.149039749,271575.001,8670848.268
1049724,16402,0.059995432,H.II LIMA NORTE-CALLAO LUIS NEGREIROS VEGA,-77.0980445,-12.0156194,H.II,0.454461012,271575.001,8670848.268
1049728,5934,0.09994073,POL. FIORI,-77.0592689,-12.0099265,POL.,0.389273299,275793.6759,8671510.064
1049756,119,0.052921991,C.A.P.III HUAYCAN,-76.8299031,-12.009876,C.A.P.III,0.324197542,300774.5212,8671692.139
1050716,34441,0.063082465,H.III CAYETANO HEREDIA,-77.0550199,-12.0225013,H.III,0.542892768,276266.8691,8670122.202
1050723,15331,0.080019002,C.A.P.III ZARATE,-76.994518,-12.0234967,C.A.P.III,0.318805763,282857.0857,8670060.596
1051720,3004,0.074541682,H.II VITARTE,-76.9237499,-12.0270275,H.II,0.46604822,290567.0447,8669724.883
1052695,12399,0.057278799,POL. FRANCISCO PIZARRO,-77.0351271,-12.0370175,POL.,0.328745721,278445.3653,8668532.209
1053676,8543,0.048435166,H.III ALBERTO LEOPOLDO BARTON THOMPSON,-77.1076871,-12.0487833,H.III,0.583026516,270552.8788,8667170.75
1053676,8543,0.048435166,POL. ALBERTO LEOPOLDO BARTON THOMPSON.,-77.1076871,-12.0487833,POL.,0.253493167,270552.8788,8667170.75
1053683,21987,0.052599974,H.II RAMON CASTILLA,-77.0439943,-12.0446089,H.II,0.529614481,277485.913,8667685.101
1053689,6104,0.088287679,C.A.P.III EL AGUSTINO,-76.9981953,-12.0451741,C.A.P.III,0.281886012,282474.0362,8667659.297
1053695,8831,0.116849817,H.I JORGE VOTO BERNALES CORPANCHO,-76.9473808,-12.0472733,H.I,0.534993025,288009.3963,8667466.825
1053695,8831,0.116849817,H.II SAN ISIDRO LABRADOR,-76.9479233,-12.0462719,H.II,0.147106414,287949.5327,8667577.197
1054884,826,0.097499638,C.A.P.II CHUPACA,-75.2858208,-12.0561522,C.A.P.II,0.206016019,468892.1441,8667220.945
1054891,7635,0.042472943,H.N. RAMIRO PRIALE PRIALE,-75.228745,-12.0519695,H.N.,0.552604031,475103.7469,8667689.291
1054891,7635,0.042472943,POL. METROPOLITANO HUANCAYO,-75.2275216,-12.0529245,POL.,0.34764357,475236.9881,8667583.799
1055655,12965,0.107035426,H.N. ALBERTO SABOGAL SOLOGUREN,-77.1224356,-12.0641753,H.N.,0.642210794,268959.838,8665455.269
1055658,24735,0.05981212,H.I OCTAVIO MONGRUT MUÑOZ,-77.0945258,-12.0658858,H.I,0.527648998,272000.6903,8665289.397
1055665,44263,0.049975796,C.M. ANCIJE,-77.0398249,-12.0590827,C.M.,0.263690916,277951.8897,8666087.057
1055666,22132,0.053785813,H.III HOSP. DE EMERGENCIAS GRAU,-77.0312525,-12.0588542,H.III,0.617922234,278885.2235,8666119.27
1055667,22471,0.066128122,H.N. GUILLERMO ALMENARA IRIGOYEN,-77.0223818,-12.0585903,H.N.,0.730967568,279851.0098,8666155.611
1055667,22471,0.066128122,P.M. CONSTRUCCION CIVIL,-77.0232475,-12.0654989,P.M.,0.064992181,279762.3798,8665390.534
1055676,7664,0.055877064,H.I CARLOS ALCANTARA BUTERFIELD,-76.945527,-12.0618229,H.I,0.509773723,288222.6908,8665858.531
1055885,24816,0.049330692,C.A.P.III MANTARO,-75.2047755,-12.0619622,C.A.P.III,0.222654632,477713.3861,8666586.368
1056645,24799,0.048483125,C.M. LEONCIO PRADO,-77.1184333,-12.0755423,C.M.,0.206088588,269405.4241,8664200.906
1056645,24799,0.048483125,C.A.P.III METROPOLITANO DEL CALLAO,-77.1177282,-12.0670123,C.A.P.III,0.235134369,269474.9086,8665145.327
1056645,24799,0.048483125,C.A.P.III METROPOLITANO,-77.1177282,-12.0670123,C.A.P.III,0.274364739,269474.9086,8665145.327
1056655,44096,0.063253983,POL. PABLO BERMUDEZ,-77.0383208,-12.0723532,POL.,0.391222158,278126.6077,8664619.989
1056657,22048,0.053589185,C.A.P.III GAMARRA,-77.0169256,-12.0704164,C.A.P.III,0.322132135,280454.8085,8664851.53
1056660,16691,0.046083418,POL. SAN LUIS,-76.9919825,-12.0732277,POL.,0.353043228,283173.1742,8664560.366
1057641,22193,0.063904248,C.A.P.III IPRESS JESUS MARÍA,-77.0435289,-12.0750295,C.A.P.III,0.315808739,277561.6899,8664319.647
1057642,22230,0.072446469,H.N. EDGARDO REBAGLIATI MARTINS,-77.0404425,-12.0787158,H.N.,0.910871212,277900.8157,8663914.29
1058623,22471,0.05624911,C.A.P.III IPRESS MAGDALENA,-77.0672831,-12.0905112,C.A.P.III,0.306437994,274987.961,8662587.257
1058626,22471,0.062850497,P.M. LA QUEBRADA,-77.0498673,-12.0860043,P.M.,0.021204116,276880.5805,8663100.195
1058628,14306,0.052964088,C.A.P.III ALFREDO PIAZZA ROBERTS,-77.0277411,-12.0866391,C.A.P.III,0.336628189,279290.3737,8663047.917
1058848,5464,0.051274139,C.M. CALCA,-75.1992944,-12.0861015,C.M.,0.244323933,478311.8626,8663917.502
1058848,5464,0.051274139,C.A.P.II CHILCA,-75.1990405,-12.0864385,C.A.P.II,0.152176772,478339.5204,8663880.257
1060592,8988,0.053239845,P.M. SAN ISIDRO,-77.0535231,-12.1084864,P.M.,0.021035417,276501.198,8660609.698
1060592,8988,0.053239845,C.A.P.III SAN ISIDRO.,-77.0535231,-12.1084864,C.A.P.III,0.215981968,276501.198,8660609.698
1060596,19781,0.053770922,C.A.P.III SURQUILLO,-77.0206474,-12.1044303,C.A.P.III,0.226373844,280077.3355,8661085.18
1061577,22193,0.055052078,POL. IPRESS SUIZA LAB,-77.0314966,-12.1135251,POL.,0.226418671,278903.5675,8660070.143
1061577,22193,0.055052078,H.III SUAREZ-ANGAMOS,-77.0281616,-12.1134006,H.III,0.574387438,279266.5668,8660086.619
1063540,22171,0.063514073,POL. CENTRAL DE PREVENCION LARCO,-77.0293754,-12.1254857,POL.,0.180744307,279144.3606,8658748.508
1065503,22352,0.055316821,C.A.P.III IPRESS BARRANCO,-77.0187484,-12.147307,C.A.P.III,0.210035643,280319.2228,8656342.742
1066489,10014,0.07548148,POL. PROCERES,-76.9885367,-12.1507384,POL.,0.355905338,283610.8637,8655987.302
1067473,16320,0.050180919,C.A.P.III SAN JUAN DE MIRAFLORES,-76.9696657,-12.1644871,C.A.P.III,0.258724482,285676.1367,8654481.098
1069437,8478,0.069336979,POL. JUAN JOSE RODRIGUEZ LAZO,-77.0046413,-12.1783831,POL.,0.38645553,281880.2947,8652915.788
1069445,24727,0.044916167,H.III GUILLERMO KAELIN DE LA FUENTE,-76.940273,-12.1774727,H.III,0.556702952,288885.8159,8653067.415
1069445,24727,0.044916167,POL. GUILLERMO KAELIN DE LA FUENTE.,-76.940273,-12.1774727,POL.,0.278865366,288885.8159,8653067.415
1071407,2930,0.061313336,H.II ALBERTO HURTADO ABADIA,-77.013336,-12.1922947,H.II,0.451509461,280945.3121,8651369.575
1072404,12716,0.05953183,POL. IPRESS VILLA SALUD,-76.9318029,-12.20396,POL.,0.221800654,289828.6107,8650143.508
1072589,253,0.105107855,C.M. SAN JUAN,-75.389241,-12.2014344,C.M.,0.30838446,457659.002,8651141.585
1073388,11439,0.050340073,H.I ULDARICO ROCCA FERNANDEZ,-76.9320765,-12.2111556,H.I,0.512027383,289804.5127,8649347.193
1078291,1320,0.120833333,C.A.P.II LURIN,-76.884032,-12.2526278,C.A.P.II,0.251091493,295065.122,8644795.773
1117073,3344,0.047712894,H.I VICTOR ALFREDO LAZO PERALTA,-69.1988354,-12.5813539,H.I,0.44937072,478402.4101,8609151.873
1118373,0,0.166666667,P.M. COBRIZA,-74.3719431,-12.5930355,P.M.,0.101410012,568217.8548,8607786.733
1125729,3768,0.068303825,C.M. MALA,-76.6302425,-12.6615626,C.M.,0.2466014,322956.0614,8599738.119
1134552,2743,0.068939756,C.A.P.I CHURCAMPA,-74.3871012,-12.7396025,C.A.P.I,0.1622138,566533.3443,8591581.894
1139179,1591,0.092915478,H.II HUANCAVELICA,-74.9890025,-12.7832573,H.II,0.52381095,501193.6103,8586832.813
1139466,2,0.125408497,C.A.P.I ECHARATE,-72.5946831,-12.7756182,C.A.P.I,0.121394973,761137.8566,8586464.963
1146653,9004,0.076811594,P.M. ACOBAMBA,-74.569682,-12.8435129,P.M.,0.142970285,546693.7323,8580130.515
1149641,1939,0.054112486,H.I QUILLABAMBA,-72.6919814,-12.868355,H.I,0.430671743,750477.3819,8576298.317
1153001,643,0,P.M. YAURICOCHA,-75.283043,-12.90562,P.M.,0.121823877,469294.7614,8573284.43
1156791,936,0.104907864,C.A.P.II HUANTA,-74.2404429,-12.938899,C.A.P.II,0.184961641,582389.6958,8569498.906
1162230,5104,0.08806792,C.M. LIRCAY,-74.7212932,-12.9900305,C.M.,0.252098006,530224.6588,8563950.243
1164319,785,0.109019608,C.A.P.II HUYRO,-72.5554068,-13.0074028,C.A.P.II,0.082014753,765159.9512,8560771.872
1172078,8471,0.095364011,H.II CAÑETE,-76.3800967,-13.0754862,H.II,0.465304613,350372.7192,8554108.774
1174615,1,0.121073387,P.M. MAZUCO,-70.3682625,-13.0974726,P.M.,0.141402307,351669.1333,8551683.703
1181585,1,0,C.M. MACHU PICCHU,-72.5449629,-13.1631412,C.M.,0.101399859,766126.087,8543524.027
1183185,3267,0.040961117,H.II CARLOS TUPPIA GARCIA GODOS,-74.2011016,-13.1752959,H.II,0.506169436,586574.9546,8543341.253
1193798,6,0.166666667,P.M. CASTROVIRREYNA,-75.3157351,-13.2793012,P.M.,0.182521768,465799.7923,8531955.431
1196849,882,0.075417546,H.I URUBAMBA,-72.1156281,-13.3057641,H.I,0.346487094,812516.7039,8527239.038
1206071,2780,0.048480552,C.A.P.II PUEBLO NUEVO,-76.1352742,-13.3954662,C.A.P.II,0.148638328,377079.9354,8518848.337
1206561,132,0.078838701,C.A.P.II CHINCHEROS,-72.0514291,-13.3964033,C.A.P.II,0.202045168,819358.6587,8517121.744
1208702,3785,0.065993939,H.II RENE TOCHE GROPPO,-76.1329013,-13.4245949,H.II,0.482233897,377351.6642,8515627.613
1214815,37,0,C.A.P.I TAMBO DE MORA,-76.1870681,-13.4733198,C.A.P.I,0.102904345,371512.7828,8510210.512
1220559,20463,0.04262872,H.N. ADOLFO GUEVARA VELASCO,-71.9597694,-13.5254125,H.N.,0.566971635,179599.3911,8502822.972
1220748,0,0,P.M. SAN GABAN,-70.3836815,-13.5322798,P.M.,0.102173012,350264.8543,8503577.112
1221340,1221,0.059554678,P.M. CURAHUASI,-72.6991752,-13.539007,P.M.,0.101701181,749015.1505,8502085.311
1221434,204,0.069098421,POL. SAN SEBASTIAN,-71.9086695,-13.5339843,POL.,0.274666085,185146.6339,8501940.278
1222898,1373,0.079226371,P.M. CANGALLO,-74.1952511,-13.5574851,P.M.,0.061961896,587071.7393,8501069.41
1227971,161,0.102665853,C.A.P.I HUAYTARA,-75.3532422,-13.6040212,C.A.P.I,0.162336279,461788.472,8496038.569
1232589,611,0.141304348,H.II ABANCAY,-72.896801,-13.641833,H.II,0.508225426,727519.1673,8490899.399
1233326,1208,0.073692413,P.M. VILCASHUAMAN,-73.9521468,-13.6541087,P.M.,0.061932386,613331.3317,8490282.358
1234257,1901,0.084421769,H.I ANDAHUAYLAS,-73.3767641,-13.6616515,H.I,0.456445942,675568.9425,8489105.325
1236183,15,0,C.M. URCOS,-71.6228355,-13.6824359,C.M.,0.223051556,216284.73,8485857.411
1239075,4984,0.064803826,C.A.P.I VILLA TUPAC AMARU,-76.1521149,-13.7138414,C.A.P.I,0.082945625,375422.3035,8483624.077
1239932,802,0.063963474,H.I ANTONIO SKRABONJA ANTONCICH,-76.196945,-13.7179733,H.I,0.511098852,370576.4896,8483143.466
1243646,235,0.095665962,P.M. HUANCAPI,-74.0667302,-13.7543026,P.M.,0.061761328,600894.6708,8479250.949
1261270,1546,0.062710314,C.A.P.I HUANCASANCOS,-74.3360203,-13.9220184,C.A.P.I,0.061739839,571729.2266,8460798.041
1262863,86,0.113186093,C.A.P.I CHAVALINA,-75.6709499,-13.9333816,C.A.P.I,0.061494925,427521.3001,8459539.148
1264158,934,0.087481962,C.A.P.II COTABAMBAS,-72.1751863,-13.9463306,C.A.P.II,0.161739882,805234.5355,8456394.701
1268340,0,0,P.M. QUEROBAMBA,-73.8183804,-13.9891662,P.M.,0.062406448,627618.0391,8453153.71
1273382,8703,0.047465411,C.A.P.II LA TINGUIÑA,-75.7051647,-14.0393995,C.A.P.II,0.247686568,423859.9995,8447802.629
1273878,2283,0.069699356,C.M. ACOMAYO,-71.5724083,-14.0345721,C.M.,0.161340237,222162.277,8446936.914
1276030,20657,0.063224097,H.IV AUGUSTO HERNANDEZ MENDOZA,-75.7380884,-14.0655786,H.IV,0.496899254,420313.957,8444896.262
1276918,10724,0.052174612,H.I FELIX TORREALVA GUTIERREZ,-75.7267897,-14.0716072,H.I,0.514014262,421535.9102,8444233.268
1280833,594,0,P.M. CHUQUIBAMBILLA,-72.7061231,-14.1028317,P.M.,0.142033614,747665.7096,8439692.481
1290226,6,0.103908693,C.A.P.II SANTA MARGARITA,-75.7144801,-14.1941139,C.A.P.II,0.269131014,422906.1728,8430687.616
1298553,572,0.183333333,H.I SICUANI,-71.2220832,-14.2713299,H.I,0.453109194,260266.5716,8421119.214
1300019,26,0.097927807,C.A.P.II CHALHUANCA,-73.2549107,-14.2909252,C.A.P.II,0.181836136,688239.7912,8419390.64
1307742,324,0.0745468,C.A.P.I ANTABAMBA,-72.878583,-14.3647468,C.A.P.I,0.121389741,728773.6752,8410882.806
1324886,80,0.333333333,C.A.P.I PALPA,-75.1808035,-14.5340655,C.A.P.I,0.162133091,480520.7951,8393199.674
1339518,1911,0.086539306,C.A.P.II PUQUIO,-74.1192221,-14.6910554,C.A.P.II,0.22351016,594828.0628,8375659.333
1349260,2439,0.050729349,H.I ESPINAR,-71.405896,-14.7879476,H.I,0.407874199,241028.4354,8363739.325
1349386,29,0.065119941,C.A.P.I ASILLO,-70.353478,-14.7861572,C.A.P.I,0.081627366,354335.5446,8364886.599
1353388,114,0.054461579,C.A.P.II NASCA,-74.9327583,-14.8358687,C.A.P.II,0.249605333,507234.471,8359826.439
1354884,72,0.140641026,H.I MARIA REICHE NEUMAN,-74.9607376,-14.8546621,H.I,0.37203433,504223.839,8357748.55
1358388,2354,0.085148505,C.M. AYAVIRI,-70.5889612,-14.8842942,C.M.,0.22575052,329064.1439,8353862.562
1360655,6066,0.054730327,POL. AZANGARO,-70.1976222,-14.9126303,POL.,0.265160545,371186.3462,8350990.955
1369048,1557,0.068224822,C.A.P.I CORACORA,-73.7801447,-15.0163124,C.A.P.I,0.14229017,631142.2436,8339508.036
1386216,1456,0.059421393,P.M. HUANCANE,-69.7620669,-15.2003298,P.M.,0.263538775,418146.7947,8319373.715
1399497,26,0.087440442,H.I LAMPA,-70.3692863,-15.3611026,H.I,0.322148425,353029.3375,8301268.537
1404893,437,0.091719457,P.M. ACARI,-74.6180833,-15.4384565,P.M.,0.101367636,540974.2997,8293141.479
1404893,437,0.091719457,P.M. CARAVELI,-74.6169402,-15.4341928,P.M.,0.081228243,541097.7791,8293612.872
1409835,122,0.056896075,H.III JULIACA,-70.1638135,-15.4935373,H.III,0.532335063,375165.5418,8286746.687
1411675,98,0.0696225,POL. JULIACA.,-70.1130992,-15.5193245,POL.,0.329727627,380620.747,8283922.795
1419775,1515,0.044113757,C.A.P.I CHIVAY,-71.6020438,-15.6388455,C.A.P.I,0.101627187,221026.1573,8269304.345
1420499,339,0.120995671,C.A.P.II CABANILLAS,-70.34938,-15.6426004,C.A.P.II,0.183060524,355362.3712,8270138.221
1432686,1034,0.051681383,P.M. CHUQUIBAMBA,-72.6532936,-15.8403809,P.M.,0.081433324,751336.3744,8247315.16
1433002,8264,0.048480204,H.III PUNO,-70.0218805,-15.8402218,H.III,0.471046994,390575.9671,8248471.897
1433012,1259,0.052113853,P.M. CHALA,-74.2560806,-15.8468141,P.M.,0.08126059,579655.3816,8247867.861
1433519,5166,0.053078898,POL. METROPOLITANO DE PUNO,-70.025733,-15.842703,POL.,0.269231634,390164.7413,8248195.394
1441419,182,0.137529138,C.A.P.II ACORA,-69.8004455,-15.9706654,C.A.P.II,0.202087372,414344.2135,8234144.816
1443880,5,0.10952381,C.A.P.I EL PEDREGAL,-72.0148928,-16.0162517,C.A.P.I,0.125701969,819478.8532,8226969.211
1447639,50,0.118128655,C.M. APLAO,-72.4879444,-16.0710704,C.M.,0.262848176,768746.9701,8221571.512
1448520,4297,0.057679495,POL. ILAVE,-69.6384724,-16.0825395,POL.,0.163574718,431715.744,8221829.13
1456887,1542,0.070933091,P.M. JULI,-69.46202,-16.21524,P.M.,0.142808493,450620.5653,8207200.139
1457053,630,0.099829836,P.M. CORIRE,-72.4709341,-16.2234632,P.M.,0.101561135,770360.5432,8204678.265
1457440,1073,0.066123087,P.M. ATICO,-73.6118017,-16.2265215,P.M.,0.081450916,648369.3601,8205505.487
1458995,4201,0.059974679,P.M. YUNGUYO,-69.0907993,-16.2460645,P.M.,0.142590263,490297.2152,8203843.877
1466074,58,0.092652749,P.M. CONO NORTE,-71.5625341,-16.3623503,P.M.,0.061319194,226252.7114,8189257.416
1467094,12318,0.044677394,C.A.P.III ALTO SELVA ALEGRE,-71.5266452,-16.3815149,C.A.P.III,0.235115688,230115.1184,8187183.74
1468106,17065,0.043798528,H.III YANAHUARA,-71.5444476,-16.397038,H.III,0.666395858,228234.0401,8185441.402
1468108,35924,0.079172752,H.N. CARLOS ALBERTO SEGUIN ESCOBEDO,-71.5292788,-16.394878,H.N.,0.583078799,229852.0929,8185700.809
1469113,3366,0.069628494,C.A.P.III PAUCARPATA,-71.4872878,-16.4099496,C.A.P.III,0.086747631,234359.9517,8184087.765
1469605,3366,0.052421265,H.I EDMUNDO ESCOMEL,-71.5087324,-16.4170798,H.I,0.540828467,232078.2274,8183270.149
1470588,3366,0.052916766,C.A.P.III MELITON SALAS TEJADA,-71.5303506,-16.4390253,C.A.P.III,0.289677756,229798.5974,8180811.83
1471073,2984,0.044822911,C.A.P.II HUNTER,-71.5548355,-16.4454784,C.A.P.II,0.125707552,227191.5619,8180064.519
1471995,326,0,P.M. VITOR,-71.9369297,-16.4662259,P.M.,0.101199495,186396.2116,8177212.513
1473884,648,0.110673235,P.M. SANTA RITA,-72.0948819,-16.4939691,P.M.,0.101556267,810160.2586,8174189.407
1477942,1623,0.093351425,C.A.P.I DESAGUADERO,-69.040395,-16.5631251,C.A.P.I,0.141828962,495690.3876,8168772.785
1483533,256,0.100346652,P.M. OMATE,-70.971972,-16.6726096,P.M.,0.12213356,289700.9656,8155623.358
1498119,17,0.122252747,P.M. MATARANI,-72.1001434,-17.0054057,P.M.,0.142424424,808771.2956,8117560.327
1498775,34383,0.062578616,H.II MANUEL DE TORRES MUÑOZ,-72.0151576,-17.0195675,H.II,0.451420104,817803.2345,8115855.769
1500679,5,0.097513441,P.M. CHUCARAPI,-71.7184977,-17.0677552,P.M.,0.142357826,210648.0078,8110933.718
1501090,348,0.100236167,C.A.P.II TORATA,-70.8432115,-17.0759571,C.A.P.II,0.082260748,303853.6179,8111115.511
1505063,462,0.106805475,H.II MOQUEGUA,-70.9541532,-17.1946684,H.II,0.55084276,292176.0705,8097861.584
1511417,16,0.155555556,C.A.P.I ILABAYA,-70.5127345,-17.4204023,C.A.P.I,0.081442535,339327.5304,8073301.891
1512851,479,0.08167578,C.A.P.I TARATA,-70.032524,-17.4743947,C.A.P.I,0.061584688,390370.1613,8067667.181
1516530,580,0.099267206,P.M. LOCUMBA,-70.7629369,-17.614459,P.M.,0.061571433,312945.2474,8051597.341
1517288,7141,0.067666461,H.II ILO,-71.3428317,-17.6423178,H.II,0.541140865,251429.5525,8047845.456
1523878,58,0.270833333,H.III TACNA DANIEL ALCIDES CARRION,-70.203839,-17.9795332,H.III,0.473651135,372536.1116,8011665.439
1524280,14757,0.044911763,C.A.P.II OSCAR FERNANDEZ DAVILA VELEZ,-70.2442628,-18.0027194,C.A.P.II,0.149625171,368272.6652,8009071.485
1524413,21519,0.052157303,C.A.P.III METROPOLITANO DE TACNA,-70.2509805,-18.0135031,C.A.P.III,0.255081754,367569.4414,8007873.398
1524796,2129,0.039761089,C.A.P.II LUIS PALZA LEVANO,-70.2529717,-18.0396924,C.A.P.II,0.229912679,367378.2383,8004973.918
